dataset,sample_id,prompt_id,model,prediction,ground_truth,correct,latency_seconds,generated_tokens,raw_response
pubmedqa,0,c6f01b71-fe30-41d3-8680-5d08d0b7dd15,qwen3-8b,yes,yes,True,0.29323337000096217,2,yes
pubmedqa,1,c6f01b71-fe30-41d3-8680-5d08d0b7dd15,qwen3-8b,yes,no,False,0.2937014290073421,2,yes
pubmedqa,2,c6f01b71-fe30-41d3-8680-5d08d0b7dd15,qwen3-8b,yes,yes,True,0.2532571109768469,2,yes
pubmedqa,3,c6f01b71-fe30-41d3-8680-5d08d0b7dd15,qwen3-8b,no,no,True,0.2819026809884235,2,no
pubmedqa,4,c6f01b71-fe30-41d3-8680-5d08d0b7dd15,qwen3-8b,yes,yes,True,0.252431297005387,2,yes
pubmedqa,5,c6f01b71-fe30-41d3-8680-5d08d0b7dd15,qwen3-8b,yes,yes,True,0.2879614639969077,2,yes
pubmedqa,6,c6f01b71-fe30-41d3-8680-5d08d0b7dd15,qwen3-8b,yes,maybe,False,0.2635973079886753,2,yes
pubmedqa,7,c6f01b71-fe30-41d3-8680-5d08d0b7dd15,qwen3-8b,yes,no,False,0.28788197398534976,2,yes
pubmedqa,8,c6f01b71-fe30-41d3-8680-5d08d0b7dd15,qwen3-8b,no,no,True,0.2421796999988146,2,no
pubmedqa,9,c6f01b71-fe30-41d3-8680-5d08d0b7dd15,qwen3-8b,yes,yes,True,0.33786538100684993,2,yes
pubmedqa,10,c6f01b71-fe30-41d3-8680-5d08d0b7dd15,qwen3-8b,yes,yes,True,0.2604482399765402,2,yes
pubmedqa,11,c6f01b71-fe30-41d3-8680-5d08d0b7dd15,qwen3-8b,maybe,no,False,0.3082198110059835,2,maybe
pubmedqa,12,c6f01b71-fe30-41d3-8680-5d08d0b7dd15,qwen3-8b,yes,yes,True,0.29318435202003457,2,yes
pubmedqa,13,c6f01b71-fe30-41d3-8680-5d08d0b7dd15,qwen3-8b,no,no,True,0.28775407900684513,2,no
pubmedqa,14,c6f01b71-fe30-41d3-8680-5d08d0b7dd15,qwen3-8b,yes,yes,True,0.25803989300038666,2,yes
pubmedqa,15,c6f01b71-fe30-41d3-8680-5d08d0b7dd15,qwen3-8b,yes,yes,True,0.32659294200129807,2,yes
pubmedqa,16,c6f01b71-fe30-41d3-8680-5d08d0b7dd15,qwen3-8b,yes,yes,True,0.2710866489796899,2,yes
pubmedqa,17,c6f01b71-fe30-41d3-8680-5d08d0b7dd15,qwen3-8b,yes,yes,True,0.18911021001986228,2,yes
pubmedqa,18,c6f01b71-fe30-41d3-8680-5d08d0b7dd15,qwen3-8b,yes,yes,True,0.2786580709798727,2,yes
pubmedqa,19,c6f01b71-fe30-41d3-8680-5d08d0b7dd15,qwen3-8b,yes,yes,True,0.2934595620026812,2,yes
pubmedqa,20,c6f01b71-fe30-41d3-8680-5d08d0b7dd15,qwen3-8b,no,yes,False,0.25388216000283137,2,no
pubmedqa,21,c6f01b71-fe30-41d3-8680-5d08d0b7dd15,qwen3-8b,yes,yes,True,0.22185135702602565,2,yes
pubmedqa,22,c6f01b71-fe30-41d3-8680-5d08d0b7dd15,qwen3-8b,yes,yes,True,0.2733137019968126,2,yes
pubmedqa,23,c6f01b71-fe30-41d3-8680-5d08d0b7dd15,qwen3-8b,yes,yes,True,0.2763620569894556,2,yes
pubmedqa,24,c6f01b71-fe30-41d3-8680-5d08d0b7dd15,qwen3-8b,yes,yes,True,0.28612767200684175,2,yes
pubmedqa,25,c6f01b71-fe30-41d3-8680-5d08d0b7dd15,qwen3-8b,no,no,True,0.24383344399393536,2,no
pubmedqa,26,c6f01b71-fe30-41d3-8680-5d08d0b7dd15,qwen3-8b,maybe,yes,False,0.28696268898784183,2,maybe
pubmedqa,27,c6f01b71-fe30-41d3-8680-5d08d0b7dd15,qwen3-8b,yes,maybe,False,0.25527965600485913,2,yes
pubmedqa,28,c6f01b71-fe30-41d3-8680-5d08d0b7dd15,qwen3-8b,yes,yes,True,0.2427277969836723,2,yes
pubmedqa,29,c6f01b71-fe30-41d3-8680-5d08d0b7dd15,qwen3-8b,yes,yes,True,0.24296212301123887,2,yes
pubmedqa,30,c6f01b71-fe30-41d3-8680-5d08d0b7dd15,qwen3-8b,no,no,True,0.2582757899945136,2,no
pubmedqa,31,c6f01b71-fe30-41d3-8680-5d08d0b7dd15,qwen3-8b,no,maybe,False,0.2508986549801193,2,no
pubmedqa,32,c6f01b71-fe30-41d3-8680-5d08d0b7dd15,qwen3-8b,no,no,True,0.22727296999073587,2,no
pubmedqa,33,c6f01b71-fe30-41d3-8680-5d08d0b7dd15,qwen3-8b,yes,yes,True,0.30207115900702775,2,yes
pubmedqa,34,c6f01b71-fe30-41d3-8680-5d08d0b7dd15,qwen3-8b,yes,yes,True,0.2656577370071318,2,yes
pubmedqa,35,c6f01b71-fe30-41d3-8680-5d08d0b7dd15,qwen3-8b,yes,no,False,0.27266028098529205,2,yes
pubmedqa,36,c6f01b71-fe30-41d3-8680-5d08d0b7dd15,qwen3-8b,no,no,True,0.28505255698109977,2,no
pubmedqa,37,c6f01b71-fe30-41d3-8680-5d08d0b7dd15,qwen3-8b,yes,no,False,0.30444875502143987,2,yes
pubmedqa,38,c6f01b71-fe30-41d3-8680-5d08d0b7dd15,qwen3-8b,yes,yes,True,0.26155903097242117,2,yes
pubmedqa,39,c6f01b71-fe30-41d3-8680-5d08d0b7dd15,qwen3-8b,no,no,True,0.3226092839904595,2,no
pubmedqa,40,c6f01b71-fe30-41d3-8680-5d08d0b7dd15,qwen3-8b,yes,yes,True,0.31881828999030404,2,yes
pubmedqa,41,c6f01b71-fe30-41d3-8680-5d08d0b7dd15,qwen3-8b,yes,yes,True,0.3096994759980589,2,yes
pubmedqa,42,c6f01b71-fe30-41d3-8680-5d08d0b7dd15,qwen3-8b,no,maybe,False,0.23710028702043928,2,no
pubmedqa,43,c6f01b71-fe30-41d3-8680-5d08d0b7dd15,qwen3-8b,maybe,no,False,0.28938645200105384,2,maybe
pubmedqa,44,c6f01b71-fe30-41d3-8680-5d08d0b7dd15,qwen3-8b,no,yes,False,0.2649655020213686,2,no
pubmedqa,45,c6f01b71-fe30-41d3-8680-5d08d0b7dd15,qwen3-8b,yes,yes,True,0.28539434299455024,2,yes
pubmedqa,46,c6f01b71-fe30-41d3-8680-5d08d0b7dd15,qwen3-8b,yes,yes,True,0.26711263399920426,2,yes
pubmedqa,47,c6f01b71-fe30-41d3-8680-5d08d0b7dd15,qwen3-8b,yes,yes,True,0.32327329998952337,2,yes
pubmedqa,48,c6f01b71-fe30-41d3-8680-5d08d0b7dd15,qwen3-8b,yes,yes,True,0.2604533609992359,2,yes
pubmedqa,49,c6f01b71-fe30-41d3-8680-5d08d0b7dd15,qwen3-8b,maybe,no,False,0.3106742639793083,2,maybe
pubmedqa,50,c6f01b71-fe30-41d3-8680-5d08d0b7dd15,qwen3-8b,yes,maybe,False,0.24550191601156257,2,yes
pubmedqa,51,c6f01b71-fe30-41d3-8680-5d08d0b7dd15,qwen3-8b,yes,maybe,False,0.31901995302177966,2,yes
pubmedqa,52,c6f01b71-fe30-41d3-8680-5d08d0b7dd15,qwen3-8b,maybe,no,False,0.23357492600916885,2,maybe
pubmedqa,53,c6f01b71-fe30-41d3-8680-5d08d0b7dd15,qwen3-8b,yes,yes,True,0.23348462098510936,2,yes
pubmedqa,54,c6f01b71-fe30-41d3-8680-5d08d0b7dd15,qwen3-8b,yes,maybe,False,0.20468817598884925,2,yes
pubmedqa,55,c6f01b71-fe30-41d3-8680-5d08d0b7dd15,qwen3-8b,yes,yes,True,0.25349914000253193,2,yes
pubmedqa,56,c6f01b71-fe30-41d3-8680-5d08d0b7dd15,qwen3-8b,no,no,True,0.24307466801838018,2,no
pubmedqa,57,c6f01b71-fe30-41d3-8680-5d08d0b7dd15,qwen3-8b,maybe,maybe,True,0.2627787940145936,2,maybe
pubmedqa,58,c6f01b71-fe30-41d3-8680-5d08d0b7dd15,qwen3-8b,no,no,True,0.25737303399364464,2,no
pubmedqa,59,c6f01b71-fe30-41d3-8680-5d08d0b7dd15,qwen3-8b,yes,yes,True,0.2215353750216309,2,yes
pubmedqa,60,c6f01b71-fe30-41d3-8680-5d08d0b7dd15,qwen3-8b,yes,yes,True,0.2316652480221819,2,yes
pubmedqa,61,c6f01b71-fe30-41d3-8680-5d08d0b7dd15,qwen3-8b,maybe,no,False,0.25253323299693875,2,maybe
pubmedqa,62,c6f01b71-fe30-41d3-8680-5d08d0b7dd15,qwen3-8b,yes,yes,True,0.20526654497371055,2,yes
pubmedqa,63,c6f01b71-fe30-41d3-8680-5d08d0b7dd15,qwen3-8b,yes,yes,True,0.2958081850083545,2,yes
pubmedqa,64,c6f01b71-fe30-41d3-8680-5d08d0b7dd15,qwen3-8b,no,no,True,0.288467345002573,2,no
pubmedqa,65,c6f01b71-fe30-41d3-8680-5d08d0b7dd15,qwen3-8b,no,no,True,0.26756794899119996,2,no
pubmedqa,66,c6f01b71-fe30-41d3-8680-5d08d0b7dd15,qwen3-8b,no,no,True,0.2375661699916236,2,no
pubmedqa,67,c6f01b71-fe30-41d3-8680-5d08d0b7dd15,qwen3-8b,yes,yes,True,0.3103804939892143,2,yes
pubmedqa,68,c6f01b71-fe30-41d3-8680-5d08d0b7dd15,qwen3-8b,no,no,True,0.3011636470037047,2,no
pubmedqa,69,c6f01b71-fe30-41d3-8680-5d08d0b7dd15,qwen3-8b,yes,yes,True,0.2914554230228532,2,yes
pubmedqa,70,c6f01b71-fe30-41d3-8680-5d08d0b7dd15,qwen3-8b,no,maybe,False,0.22106554501806386,2,no
pubmedqa,71,c6f01b71-fe30-41d3-8680-5d08d0b7dd15,qwen3-8b,no,yes,False,0.24311844501062296,2,no
pubmedqa,72,c6f01b71-fe30-41d3-8680-5d08d0b7dd15,qwen3-8b,yes,yes,True,0.260986158013111,2,yes
pubmedqa,73,c6f01b71-fe30-41d3-8680-5d08d0b7dd15,qwen3-8b,yes,yes,True,0.2668251639988739,2,yes
pubmedqa,74,c6f01b71-fe30-41d3-8680-5d08d0b7dd15,qwen3-8b,yes,yes,True,0.2656241979857441,2,yes
pubmedqa,75,c6f01b71-fe30-41d3-8680-5d08d0b7dd15,qwen3-8b,yes,maybe,False,0.24967170599848032,2,yes
pubmedqa,76,c6f01b71-fe30-41d3-8680-5d08d0b7dd15,qwen3-8b,yes,yes,True,0.26693176600383595,2,yes
pubmedqa,77,c6f01b71-fe30-41d3-8680-5d08d0b7dd15,qwen3-8b,no,maybe,False,0.24445124599151313,2,no
pubmedqa,78,c6f01b71-fe30-41d3-8680-5d08d0b7dd15,qwen3-8b,no,yes,False,0.3063576520071365,2,no
pubmedqa,79,c6f01b71-fe30-41d3-8680-5d08d0b7dd15,qwen3-8b,yes,yes,True,0.3117553580086678,2,yes
pubmedqa,80,c6f01b71-fe30-41d3-8680-5d08d0b7dd15,qwen3-8b,no,yes,False,0.3101882140035741,2,no
pubmedqa,81,c6f01b71-fe30-41d3-8680-5d08d0b7dd15,qwen3-8b,maybe,yes,False,0.2401115389948245,2,maybe
pubmedqa,82,c6f01b71-fe30-41d3-8680-5d08d0b7dd15,qwen3-8b,yes,yes,True,0.3261065339902416,2,yes
pubmedqa,83,c6f01b71-fe30-41d3-8680-5d08d0b7dd15,qwen3-8b,yes,yes,True,0.37273283701506443,2,yes
pubmedqa,84,c6f01b71-fe30-41d3-8680-5d08d0b7dd15,qwen3-8b,no,maybe,False,0.29032760599511676,2,no
pubmedqa,85,c6f01b71-fe30-41d3-8680-5d08d0b7dd15,qwen3-8b,no,maybe,False,0.25457183198886923,2,no
pubmedqa,86,c6f01b71-fe30-41d3-8680-5d08d0b7dd15,qwen3-8b,no,maybe,False,0.22142510800040327,2,no
pubmedqa,87,c6f01b71-fe30-41d3-8680-5d08d0b7dd15,qwen3-8b,yes,yes,True,0.27225899501354434,2,yes
pubmedqa,88,c6f01b71-fe30-41d3-8680-5d08d0b7dd15,qwen3-8b,yes,yes,True,0.30724359399755485,2,yes
pubmedqa,89,c6f01b71-fe30-41d3-8680-5d08d0b7dd15,qwen3-8b,no,maybe,False,0.3063629679963924,2,no
pubmedqa,90,c6f01b71-fe30-41d3-8680-5d08d0b7dd15,qwen3-8b,yes,yes,True,0.31198135600425303,2,yes
pubmedqa,91,c6f01b71-fe30-41d3-8680-5d08d0b7dd15,qwen3-8b,no,maybe,False,0.30892176399356686,2,no
pubmedqa,92,c6f01b71-fe30-41d3-8680-5d08d0b7dd15,qwen3-8b,yes,yes,True,0.30642589001217857,2,yes
pubmedqa,93,c6f01b71-fe30-41d3-8680-5d08d0b7dd15,qwen3-8b,yes,yes,True,0.2653751560137607,2,yes
pubmedqa,94,c6f01b71-fe30-41d3-8680-5d08d0b7dd15,qwen3-8b,no,no,True,0.254933518008329,2,no
pubmedqa,95,c6f01b71-fe30-41d3-8680-5d08d0b7dd15,qwen3-8b,no,no,True,0.2086226420069579,2,no
pubmedqa,96,c6f01b71-fe30-41d3-8680-5d08d0b7dd15,qwen3-8b,yes,yes,True,0.27892655300092883,2,yes
pubmedqa,97,c6f01b71-fe30-41d3-8680-5d08d0b7dd15,qwen3-8b,yes,yes,True,0.3171118329919409,2,yes
pubmedqa,98,c6f01b71-fe30-41d3-8680-5d08d0b7dd15,qwen3-8b,no,no,True,0.2516354580002371,2,no
pubmedqa,99,c6f01b71-fe30-41d3-8680-5d08d0b7dd15,qwen3-8b,yes,yes,True,0.23203700801241212,2,yes
pubmedqa,100,c6f01b71-fe30-41d3-8680-5d08d0b7dd15,qwen3-8b,no,yes,False,0.2891344689996913,2,no
pubmedqa,101,c6f01b71-fe30-41d3-8680-5d08d0b7dd15,qwen3-8b,yes,yes,True,0.2886408960039262,2,yes
pubmedqa,102,c6f01b71-fe30-41d3-8680-5d08d0b7dd15,qwen3-8b,yes,yes,True,0.23262637099833228,2,yes
pubmedqa,103,c6f01b71-fe30-41d3-8680-5d08d0b7dd15,qwen3-8b,yes,yes,True,0.31497823097743094,2,yes
pubmedqa,104,c6f01b71-fe30-41d3-8680-5d08d0b7dd15,qwen3-8b,no,maybe,False,0.2774805740045849,2,no
pubmedqa,105,c6f01b71-fe30-41d3-8680-5d08d0b7dd15,qwen3-8b,yes,yes,True,0.25122143200132996,2,yes
pubmedqa,106,c6f01b71-fe30-41d3-8680-5d08d0b7dd15,qwen3-8b,no,maybe,False,0.2883864429895766,2,no
pubmedqa,107,c6f01b71-fe30-41d3-8680-5d08d0b7dd15,qwen3-8b,maybe,no,False,0.25699783602613024,2,maybe
pubmedqa,108,c6f01b71-fe30-41d3-8680-5d08d0b7dd15,qwen3-8b,yes,yes,True,0.2939801389875356,2,yes
pubmedqa,109,c6f01b71-fe30-41d3-8680-5d08d0b7dd15,qwen3-8b,maybe,yes,False,0.29103062002104707,2,maybe
pubmedqa,110,c6f01b71-fe30-41d3-8680-5d08d0b7dd15,qwen3-8b,no,maybe,False,0.2266816689807456,2,no
pubmedqa,111,c6f01b71-fe30-41d3-8680-5d08d0b7dd15,qwen3-8b,no,maybe,False,0.27189748498494737,2,no
pubmedqa,112,c6f01b71-fe30-41d3-8680-5d08d0b7dd15,qwen3-8b,no,no,True,0.22846471198135987,2,no
pubmedqa,113,c6f01b71-fe30-41d3-8680-5d08d0b7dd15,qwen3-8b,yes,no,False,0.25287061400013044,2,yes
pubmedqa,114,c6f01b71-fe30-41d3-8680-5d08d0b7dd15,qwen3-8b,no,no,True,0.25036097900010645,2,no
pubmedqa,115,c6f01b71-fe30-41d3-8680-5d08d0b7dd15,qwen3-8b,yes,maybe,False,0.2611526669934392,2,yes
pubmedqa,116,c6f01b71-fe30-41d3-8680-5d08d0b7dd15,qwen3-8b,yes,yes,True,0.25258018300519325,2,yes
pubmedqa,117,c6f01b71-fe30-41d3-8680-5d08d0b7dd15,qwen3-8b,yes,yes,True,0.2952463440014981,2,yes
pubmedqa,118,c6f01b71-fe30-41d3-8680-5d08d0b7dd15,qwen3-8b,yes,yes,True,0.2024643089971505,2,yes
pubmedqa,119,c6f01b71-fe30-41d3-8680-5d08d0b7dd15,qwen3-8b,yes,yes,True,0.24071164999622852,2,yes
pubmedqa,120,c6f01b71-fe30-41d3-8680-5d08d0b7dd15,qwen3-8b,yes,yes,True,0.279391554009635,2,yes
pubmedqa,121,c6f01b71-fe30-41d3-8680-5d08d0b7dd15,qwen3-8b,yes,yes,True,0.253423814981943,2,yes
pubmedqa,122,c6f01b71-fe30-41d3-8680-5d08d0b7dd15,qwen3-8b,yes,yes,True,0.34450294097769074,2,yes
pubmedqa,123,c6f01b71-fe30-41d3-8680-5d08d0b7dd15,qwen3-8b,yes,maybe,False,0.3099183439917397,2,yes
pubmedqa,124,c6f01b71-fe30-41d3-8680-5d08d0b7dd15,qwen3-8b,yes,yes,True,0.25798218700219877,2,yes
pubmedqa,125,c6f01b71-fe30-41d3-8680-5d08d0b7dd15,qwen3-8b,yes,yes,True,0.27175666400580667,2,yes
pubmedqa,126,c6f01b71-fe30-41d3-8680-5d08d0b7dd15,qwen3-8b,yes,maybe,False,0.21540846402058378,2,yes
pubmedqa,127,c6f01b71-fe30-41d3-8680-5d08d0b7dd15,qwen3-8b,maybe,maybe,True,0.25214256698382087,2,maybe
pubmedqa,128,c6f01b71-fe30-41d3-8680-5d08d0b7dd15,qwen3-8b,yes,maybe,False,0.26953530398895964,2,yes
pubmedqa,129,c6f01b71-fe30-41d3-8680-5d08d0b7dd15,qwen3-8b,yes,maybe,False,0.21903417201247066,2,yes
pubmedqa,130,c6f01b71-fe30-41d3-8680-5d08d0b7dd15,qwen3-8b,yes,no,False,0.3437491910008248,2,yes
pubmedqa,131,c6f01b71-fe30-41d3-8680-5d08d0b7dd15,qwen3-8b,maybe,yes,False,0.23145147500326857,2,maybe
pubmedqa,132,c6f01b71-fe30-41d3-8680-5d08d0b7dd15,qwen3-8b,maybe,no,False,0.32437267401837744,2,maybe
pubmedqa,133,c6f01b71-fe30-41d3-8680-5d08d0b7dd15,qwen3-8b,no,yes,False,0.2555487010104116,2,no
pubmedqa,134,c6f01b71-fe30-41d3-8680-5d08d0b7dd15,qwen3-8b,yes,yes,True,0.21379117699689232,2,yes
pubmedqa,135,c6f01b71-fe30-41d3-8680-5d08d0b7dd15,qwen3-8b,yes,yes,True,0.2108998149924446,2,yes
pubmedqa,136,c6f01b71-fe30-41d3-8680-5d08d0b7dd15,qwen3-8b,yes,yes,True,0.24349395200260915,2,yes
pubmedqa,137,c6f01b71-fe30-41d3-8680-5d08d0b7dd15,qwen3-8b,no,yes,False,0.28987096101627685,2,no
pubmedqa,138,c6f01b71-fe30-41d3-8680-5d08d0b7dd15,qwen3-8b,yes,maybe,False,0.28936486699967645,2,yes
pubmedqa,139,c6f01b71-fe30-41d3-8680-5d08d0b7dd15,qwen3-8b,yes,yes,True,0.23415401400416158,2,yes
pubmedqa,140,c6f01b71-fe30-41d3-8680-5d08d0b7dd15,qwen3-8b,yes,yes,True,0.27584741899045184,2,yes
pubmedqa,141,c6f01b71-fe30-41d3-8680-5d08d0b7dd15,qwen3-8b,yes,yes,True,0.2093409989902284,2,yes
pubmedqa,142,c6f01b71-fe30-41d3-8680-5d08d0b7dd15,qwen3-8b,maybe,maybe,True,0.23068916201009415,2,maybe
pubmedqa,143,c6f01b71-fe30-41d3-8680-5d08d0b7dd15,qwen3-8b,no,no,True,0.18921698999474756,2,no
pubmedqa,144,c6f01b71-fe30-41d3-8680-5d08d0b7dd15,qwen3-8b,maybe,yes,False,0.2546855419932399,2,maybe
pubmedqa,145,c6f01b71-fe30-41d3-8680-5d08d0b7dd15,qwen3-8b,yes,yes,True,0.23285192297771573,2,yes
pubmedqa,146,c6f01b71-fe30-41d3-8680-5d08d0b7dd15,qwen3-8b,yes,no,False,0.23460282298037782,2,yes
pubmedqa,147,c6f01b71-fe30-41d3-8680-5d08d0b7dd15,qwen3-8b,yes,maybe,False,0.27158294201944955,2,yes
pubmedqa,148,c6f01b71-fe30-41d3-8680-5d08d0b7dd15,qwen3-8b,yes,yes,True,0.2326144499820657,2,yes
pubmedqa,149,c6f01b71-fe30-41d3-8680-5d08d0b7dd15,qwen3-8b,yes,no,False,0.25503799799480475,2,yes
pubmedqa,150,c6f01b71-fe30-41d3-8680-5d08d0b7dd15,qwen3-8b,no,no,True,0.2373110679909587,2,no
pubmedqa,151,c6f01b71-fe30-41d3-8680-5d08d0b7dd15,qwen3-8b,no,no,True,0.26193835100275464,2,no
pubmedqa,152,c6f01b71-fe30-41d3-8680-5d08d0b7dd15,qwen3-8b,yes,yes,True,0.23324533700360917,2,yes
pubmedqa,153,c6f01b71-fe30-41d3-8680-5d08d0b7dd15,qwen3-8b,yes,yes,True,0.275197691982612,2,yes
pubmedqa,154,c6f01b71-fe30-41d3-8680-5d08d0b7dd15,qwen3-8b,yes,yes,True,0.23871952400077134,2,yes
pubmedqa,155,c6f01b71-fe30-41d3-8680-5d08d0b7dd15,qwen3-8b,yes,yes,True,0.23133335501188412,2,yes
pubmedqa,156,c6f01b71-fe30-41d3-8680-5d08d0b7dd15,qwen3-8b,yes,yes,True,0.3139357859909069,2,yes
pubmedqa,157,c6f01b71-fe30-41d3-8680-5d08d0b7dd15,qwen3-8b,yes,maybe,False,0.19266814598813653,2,yes
pubmedqa,158,c6f01b71-fe30-41d3-8680-5d08d0b7dd15,qwen3-8b,no,maybe,False,0.26213367099990137,2,no
pubmedqa,159,c6f01b71-fe30-41d3-8680-5d08d0b7dd15,qwen3-8b,no,no,True,0.291810451017227,2,no
pubmedqa,160,c6f01b71-fe30-41d3-8680-5d08d0b7dd15,qwen3-8b,yes,yes,True,0.29432041899417527,2,yes
pubmedqa,161,c6f01b71-fe30-41d3-8680-5d08d0b7dd15,qwen3-8b,maybe,yes,False,0.27071529199020006,2,maybe
pubmedqa,162,c6f01b71-fe30-41d3-8680-5d08d0b7dd15,qwen3-8b,no,no,True,0.25400667599751614,2,no
pubmedqa,163,c6f01b71-fe30-41d3-8680-5d08d0b7dd15,qwen3-8b,no,no,True,0.27741347000119276,2,no
pubmedqa,164,c6f01b71-fe30-41d3-8680-5d08d0b7dd15,qwen3-8b,yes,yes,True,0.27816960599739105,2,yes
pubmedqa,165,c6f01b71-fe30-41d3-8680-5d08d0b7dd15,qwen3-8b,yes,yes,True,0.2758529639977496,2,yes
pubmedqa,166,c6f01b71-fe30-41d3-8680-5d08d0b7dd15,qwen3-8b,yes,yes,True,0.2284799579938408,2,yes
pubmedqa,167,c6f01b71-fe30-41d3-8680-5d08d0b7dd15,qwen3-8b,no,no,True,0.24065966298803687,2,no
pubmedqa,168,c6f01b71-fe30-41d3-8680-5d08d0b7dd15,qwen3-8b,no,no,True,0.28857787800370716,2,no
pubmedqa,169,c6f01b71-fe30-41d3-8680-5d08d0b7dd15,qwen3-8b,yes,maybe,False,0.21036521598580293,2,yes
pubmedqa,170,c6f01b71-fe30-41d3-8680-5d08d0b7dd15,qwen3-8b,no,no,True,0.2554569900094066,2,no
pubmedqa,171,c6f01b71-fe30-41d3-8680-5d08d0b7dd15,qwen3-8b,yes,yes,True,0.20590202300809324,2,yes
pubmedqa,172,c6f01b71-fe30-41d3-8680-5d08d0b7dd15,qwen3-8b,yes,yes,True,0.22972909497912042,2,yes
pubmedqa,173,c6f01b71-fe30-41d3-8680-5d08d0b7dd15,qwen3-8b,yes,yes,True,0.29123955400427803,2,yes
pubmedqa,174,c6f01b71-fe30-41d3-8680-5d08d0b7dd15,qwen3-8b,maybe,yes,False,0.25030252200667746,2,maybe
pubmedqa,175,c6f01b71-fe30-41d3-8680-5d08d0b7dd15,qwen3-8b,yes,maybe,False,0.2934358789934777,2,yes
pubmedqa,176,c6f01b71-fe30-41d3-8680-5d08d0b7dd15,qwen3-8b,yes,yes,True,0.29581611399771646,2,yes
pubmedqa,177,c6f01b71-fe30-41d3-8680-5d08d0b7dd15,qwen3-8b,no,no,True,0.2570209570112638,2,no
pubmedqa,178,c6f01b71-fe30-41d3-8680-5d08d0b7dd15,qwen3-8b,yes,yes,True,0.26478968298761174,2,yes
pubmedqa,179,c6f01b71-fe30-41d3-8680-5d08d0b7dd15,qwen3-8b,no,no,True,0.2798843719938304,2,no
pubmedqa,180,c6f01b71-fe30-41d3-8680-5d08d0b7dd15,qwen3-8b,no,no,True,0.2638528259994928,2,no
pubmedqa,181,c6f01b71-fe30-41d3-8680-5d08d0b7dd15,qwen3-8b,yes,yes,True,0.22143047497957014,2,yes
pubmedqa,182,c6f01b71-fe30-41d3-8680-5d08d0b7dd15,qwen3-8b,no,yes,False,0.2837820640124846,2,no
pubmedqa,183,c6f01b71-fe30-41d3-8680-5d08d0b7dd15,qwen3-8b,no,yes,False,0.27957435700227506,2,no
pubmedqa,184,c6f01b71-fe30-41d3-8680-5d08d0b7dd15,qwen3-8b,yes,yes,True,0.24246578899328597,2,yes
pubmedqa,185,c6f01b71-fe30-41d3-8680-5d08d0b7dd15,qwen3-8b,no,no,True,0.24025065000751056,2,no
pubmedqa,186,c6f01b71-fe30-41d3-8680-5d08d0b7dd15,qwen3-8b,yes,maybe,False,0.194887725985609,2,yes
pubmedqa,187,c6f01b71-fe30-41d3-8680-5d08d0b7dd15,qwen3-8b,yes,yes,True,0.26756211699103005,2,yes
pubmedqa,188,c6f01b71-fe30-41d3-8680-5d08d0b7dd15,qwen3-8b,no,no,True,0.32289848901564255,2,no
pubmedqa,189,c6f01b71-fe30-41d3-8680-5d08d0b7dd15,qwen3-8b,no,no,True,0.23366085000452586,2,no
pubmedqa,190,c6f01b71-fe30-41d3-8680-5d08d0b7dd15,qwen3-8b,no,no,True,0.23691968899220228,2,no
pubmedqa,191,c6f01b71-fe30-41d3-8680-5d08d0b7dd15,qwen3-8b,yes,yes,True,0.2819568930135574,2,yes
pubmedqa,192,c6f01b71-fe30-41d3-8680-5d08d0b7dd15,qwen3-8b,yes,yes,True,0.20831254401127808,2,yes
pubmedqa,193,c6f01b71-fe30-41d3-8680-5d08d0b7dd15,qwen3-8b,no,no,True,0.20782869899994694,2,no
pubmedqa,194,c6f01b71-fe30-41d3-8680-5d08d0b7dd15,qwen3-8b,no,no,True,0.2662970070086885,2,no
pubmedqa,195,c6f01b71-fe30-41d3-8680-5d08d0b7dd15,qwen3-8b,no,no,True,0.31163017798098736,2,no
pubmedqa,196,c6f01b71-fe30-41d3-8680-5d08d0b7dd15,qwen3-8b,no,maybe,False,0.2605863520002458,2,no
pubmedqa,197,c6f01b71-fe30-41d3-8680-5d08d0b7dd15,qwen3-8b,yes,yes,True,0.19906767897191457,2,yes
pubmedqa,198,c6f01b71-fe30-41d3-8680-5d08d0b7dd15,qwen3-8b,yes,yes,True,0.2854583750013262,2,yes
pubmedqa,199,c6f01b71-fe30-41d3-8680-5d08d0b7dd15,qwen3-8b,yes,yes,True,0.30042035499354824,2,yes
pubmedqa,200,c6f01b71-fe30-41d3-8680-5d08d0b7dd15,qwen3-8b,no,yes,False,0.2970079729857389,2,no
pubmedqa,201,c6f01b71-fe30-41d3-8680-5d08d0b7dd15,qwen3-8b,yes,yes,True,0.20871638599783182,2,yes
pubmedqa,202,c6f01b71-fe30-41d3-8680-5d08d0b7dd15,qwen3-8b,maybe,maybe,True,0.25390415999572724,2,maybe
pubmedqa,203,c6f01b71-fe30-41d3-8680-5d08d0b7dd15,qwen3-8b,no,no,True,0.2878789370006416,2,no
pubmedqa,204,c6f01b71-fe30-41d3-8680-5d08d0b7dd15,qwen3-8b,no,no,True,0.28899535501841456,2,no
pubmedqa,205,c6f01b71-fe30-41d3-8680-5d08d0b7dd15,qwen3-8b,no,no,True,0.31616778299212456,2,no
pubmedqa,206,c6f01b71-fe30-41d3-8680-5d08d0b7dd15,qwen3-8b,maybe,yes,False,0.2941372630011756,2,maybe
pubmedqa,207,c6f01b71-fe30-41d3-8680-5d08d0b7dd15,qwen3-8b,yes,yes,True,0.2633109030139167,2,yes
pubmedqa,208,c6f01b71-fe30-41d3-8680-5d08d0b7dd15,qwen3-8b,no,yes,False,0.25727063600788824,2,no
pubmedqa,209,c6f01b71-fe30-41d3-8680-5d08d0b7dd15,qwen3-8b,yes,yes,True,0.26473395398352295,2,yes
pubmedqa,210,c6f01b71-fe30-41d3-8680-5d08d0b7dd15,qwen3-8b,yes,no,False,0.29645337897818536,2,yes
pubmedqa,211,c6f01b71-fe30-41d3-8680-5d08d0b7dd15,qwen3-8b,yes,yes,True,0.23207273002481088,2,yes
pubmedqa,212,c6f01b71-fe30-41d3-8680-5d08d0b7dd15,qwen3-8b,yes,yes,True,0.25661379599478096,2,yes
pubmedqa,213,c6f01b71-fe30-41d3-8680-5d08d0b7dd15,qwen3-8b,no,yes,False,0.2653456499974709,2,no
pubmedqa,214,c6f01b71-fe30-41d3-8680-5d08d0b7dd15,qwen3-8b,maybe,yes,False,0.2820930070010945,2,maybe
pubmedqa,215,c6f01b71-fe30-41d3-8680-5d08d0b7dd15,qwen3-8b,no,no,True,0.21211529601714574,2,no
pubmedqa,216,c6f01b71-fe30-41d3-8680-5d08d0b7dd15,qwen3-8b,yes,yes,True,0.33318017501733266,2,yes
pubmedqa,217,c6f01b71-fe30-41d3-8680-5d08d0b7dd15,qwen3-8b,no,no,True,0.30753466399619356,2,no
pubmedqa,218,c6f01b71-fe30-41d3-8680-5d08d0b7dd15,qwen3-8b,yes,yes,True,0.2562393280095421,2,yes
pubmedqa,219,c6f01b71-fe30-41d3-8680-5d08d0b7dd15,qwen3-8b,yes,yes,True,0.2445176359906327,2,yes
pubmedqa,220,c6f01b71-fe30-41d3-8680-5d08d0b7dd15,qwen3-8b,no,no,True,0.29990487699978985,2,no
pubmedqa,221,c6f01b71-fe30-41d3-8680-5d08d0b7dd15,qwen3-8b,no,no,True,0.23048542797914706,2,no
pubmedqa,222,c6f01b71-fe30-41d3-8680-5d08d0b7dd15,qwen3-8b,no,maybe,False,0.26595701402402483,2,no
pubmedqa,223,c6f01b71-fe30-41d3-8680-5d08d0b7dd15,qwen3-8b,no,no,True,0.30137092000222765,2,no
pubmedqa,224,c6f01b71-fe30-41d3-8680-5d08d0b7dd15,qwen3-8b,no,maybe,False,0.26148194799316116,2,no
pubmedqa,225,c6f01b71-fe30-41d3-8680-5d08d0b7dd15,qwen3-8b,yes,yes,True,0.260651197982952,2,yes
pubmedqa,226,c6f01b71-fe30-41d3-8680-5d08d0b7dd15,qwen3-8b,yes,no,False,0.233216653985437,2,yes
pubmedqa,227,c6f01b71-fe30-41d3-8680-5d08d0b7dd15,qwen3-8b,no,no,True,0.3025325479975436,2,no
pubmedqa,228,c6f01b71-fe30-41d3-8680-5d08d0b7dd15,qwen3-8b,yes,maybe,False,0.2921464339888189,2,yes
pubmedqa,229,c6f01b71-fe30-41d3-8680-5d08d0b7dd15,qwen3-8b,no,no,True,0.28941419601324014,2,no
pubmedqa,230,c6f01b71-fe30-41d3-8680-5d08d0b7dd15,qwen3-8b,yes,yes,True,0.24101765200612135,2,yes
pubmedqa,231,c6f01b71-fe30-41d3-8680-5d08d0b7dd15,qwen3-8b,yes,yes,True,0.36037783199572004,2,yes
pubmedqa,232,c6f01b71-fe30-41d3-8680-5d08d0b7dd15,qwen3-8b,no,yes,False,0.3032011169998441,2,no
pubmedqa,233,c6f01b71-fe30-41d3-8680-5d08d0b7dd15,qwen3-8b,no,no,True,0.3150343789893668,2,no
pubmedqa,234,c6f01b71-fe30-41d3-8680-5d08d0b7dd15,qwen3-8b,yes,yes,True,0.26530890399590135,2,yes
pubmedqa,235,c6f01b71-fe30-41d3-8680-5d08d0b7dd15,qwen3-8b,no,maybe,False,0.30112003898830153,2,no
pubmedqa,236,c6f01b71-fe30-41d3-8680-5d08d0b7dd15,qwen3-8b,no,yes,False,0.27251625998178497,2,no
pubmedqa,237,c6f01b71-fe30-41d3-8680-5d08d0b7dd15,qwen3-8b,maybe,yes,False,0.3233694340160582,2,maybe
pubmedqa,238,c6f01b71-fe30-41d3-8680-5d08d0b7dd15,qwen3-8b,no,maybe,False,0.2360770030063577,2,no
pubmedqa,239,c6f01b71-fe30-41d3-8680-5d08d0b7dd15,qwen3-8b,yes,yes,True,0.2376041190000251,2,yes
pubmedqa,240,c6f01b71-fe30-41d3-8680-5d08d0b7dd15,qwen3-8b,yes,yes,True,0.2602754239924252,2,yes
pubmedqa,241,c6f01b71-fe30-41d3-8680-5d08d0b7dd15,qwen3-8b,yes,yes,True,0.22979240599670447,2,yes
pubmedqa,242,c6f01b71-fe30-41d3-8680-5d08d0b7dd15,qwen3-8b,yes,maybe,False,0.25453716501942836,2,yes
pubmedqa,243,c6f01b71-fe30-41d3-8680-5d08d0b7dd15,qwen3-8b,yes,yes,True,0.29485557400039397,2,yes
pubmedqa,244,c6f01b71-fe30-41d3-8680-5d08d0b7dd15,qwen3-8b,yes,maybe,False,0.3003587370039895,2,yes
pubmedqa,245,c6f01b71-fe30-41d3-8680-5d08d0b7dd15,qwen3-8b,no,no,True,0.23428898298880085,2,no
pubmedqa,246,c6f01b71-fe30-41d3-8680-5d08d0b7dd15,qwen3-8b,yes,yes,True,0.22635314302169718,2,yes
pubmedqa,247,c6f01b71-fe30-41d3-8680-5d08d0b7dd15,qwen3-8b,yes,maybe,False,0.22529261201270856,2,yes
pubmedqa,248,c6f01b71-fe30-41d3-8680-5d08d0b7dd15,qwen3-8b,yes,yes,True,0.2115713249950204,2,yes
pubmedqa,249,c6f01b71-fe30-41d3-8680-5d08d0b7dd15,qwen3-8b,no,no,True,0.2585946189938113,2,no
pubmedqa,250,c6f01b71-fe30-41d3-8680-5d08d0b7dd15,qwen3-8b,yes,yes,True,0.28380984198884107,2,yes
pubmedqa,251,c6f01b71-fe30-41d3-8680-5d08d0b7dd15,qwen3-8b,yes,yes,True,0.30660081398673356,2,yes
pubmedqa,252,c6f01b71-fe30-41d3-8680-5d08d0b7dd15,qwen3-8b,no,no,True,0.23106207401724532,2,no
pubmedqa,253,c6f01b71-fe30-41d3-8680-5d08d0b7dd15,qwen3-8b,maybe,no,False,0.30016365699702874,2,maybe
pubmedqa,254,c6f01b71-fe30-41d3-8680-5d08d0b7dd15,qwen3-8b,no,no,True,0.25141680098022334,2,no
pubmedqa,255,c6f01b71-fe30-41d3-8680-5d08d0b7dd15,qwen3-8b,yes,maybe,False,0.29333644500002265,2,yes
pubmedqa,256,c6f01b71-fe30-41d3-8680-5d08d0b7dd15,qwen3-8b,yes,yes,True,0.28464538999833167,2,yes
pubmedqa,257,c6f01b71-fe30-41d3-8680-5d08d0b7dd15,qwen3-8b,no,no,True,0.25015764599083923,2,no
pubmedqa,258,c6f01b71-fe30-41d3-8680-5d08d0b7dd15,qwen3-8b,no,no,True,0.3413826239993796,2,no
pubmedqa,259,c6f01b71-fe30-41d3-8680-5d08d0b7dd15,qwen3-8b,no,no,True,0.29334063100395724,2,no
pubmedqa,260,c6f01b71-fe30-41d3-8680-5d08d0b7dd15,qwen3-8b,yes,yes,True,0.3404643080139067,2,yes
pubmedqa,261,c6f01b71-fe30-41d3-8680-5d08d0b7dd15,qwen3-8b,yes,yes,True,0.31110169398016296,2,yes
pubmedqa,262,c6f01b71-fe30-41d3-8680-5d08d0b7dd15,qwen3-8b,maybe,no,False,0.2515582740015816,2,maybe
pubmedqa,263,c6f01b71-fe30-41d3-8680-5d08d0b7dd15,qwen3-8b,no,no,True,0.2353783109865617,2,no
pubmedqa,264,c6f01b71-fe30-41d3-8680-5d08d0b7dd15,qwen3-8b,no,no,True,0.19397049699909985,2,no
pubmedqa,265,c6f01b71-fe30-41d3-8680-5d08d0b7dd15,qwen3-8b,yes,yes,True,0.26940319399000145,2,yes
pubmedqa,266,c6f01b71-fe30-41d3-8680-5d08d0b7dd15,qwen3-8b,no,yes,False,0.21796676600934006,2,no
pubmedqa,267,c6f01b71-fe30-41d3-8680-5d08d0b7dd15,qwen3-8b,yes,maybe,False,0.2789913850137964,2,yes
pubmedqa,268,c6f01b71-fe30-41d3-8680-5d08d0b7dd15,qwen3-8b,no,no,True,0.2419326240196824,2,no
pubmedqa,269,c6f01b71-fe30-41d3-8680-5d08d0b7dd15,qwen3-8b,yes,maybe,False,0.25050253001973033,2,yes
pubmedqa,270,c6f01b71-fe30-41d3-8680-5d08d0b7dd15,qwen3-8b,yes,yes,True,0.3135573689942248,2,yes
pubmedqa,271,c6f01b71-fe30-41d3-8680-5d08d0b7dd15,qwen3-8b,yes,yes,True,0.31204249698203057,2,yes
pubmedqa,272,c6f01b71-fe30-41d3-8680-5d08d0b7dd15,qwen3-8b,no,no,True,0.2676425020035822,2,no
pubmedqa,273,c6f01b71-fe30-41d3-8680-5d08d0b7dd15,qwen3-8b,yes,yes,True,0.24202378498739563,2,yes
pubmedqa,274,c6f01b71-fe30-41d3-8680-5d08d0b7dd15,qwen3-8b,no,no,True,0.25975036798627116,2,no
pubmedqa,275,c6f01b71-fe30-41d3-8680-5d08d0b7dd15,qwen3-8b,yes,yes,True,0.2336269439838361,2,yes
pubmedqa,276,c6f01b71-fe30-41d3-8680-5d08d0b7dd15,qwen3-8b,maybe,yes,False,0.26260486998944543,2,maybe
pubmedqa,277,c6f01b71-fe30-41d3-8680-5d08d0b7dd15,qwen3-8b,yes,yes,True,0.29487926900037564,2,yes
pubmedqa,278,c6f01b71-fe30-41d3-8680-5d08d0b7dd15,qwen3-8b,yes,yes,True,0.2639450040005613,2,yes
pubmedqa,279,c6f01b71-fe30-41d3-8680-5d08d0b7dd15,qwen3-8b,no,no,True,0.27144107801723294,2,no
pubmedqa,280,c6f01b71-fe30-41d3-8680-5d08d0b7dd15,qwen3-8b,maybe,yes,False,0.2713381619832944,2,maybe
pubmedqa,281,c6f01b71-fe30-41d3-8680-5d08d0b7dd15,qwen3-8b,yes,maybe,False,0.2539427340088878,2,yes
pubmedqa,282,c6f01b71-fe30-41d3-8680-5d08d0b7dd15,qwen3-8b,yes,yes,True,0.2641784359875601,2,yes
pubmedqa,283,c6f01b71-fe30-41d3-8680-5d08d0b7dd15,qwen3-8b,yes,yes,True,0.2736442140012514,2,yes
pubmedqa,284,c6f01b71-fe30-41d3-8680-5d08d0b7dd15,qwen3-8b,maybe,yes,False,0.25967008699080907,2,maybe
pubmedqa,285,c6f01b71-fe30-41d3-8680-5d08d0b7dd15,qwen3-8b,yes,maybe,False,0.2641309720056597,2,yes
pubmedqa,286,c6f01b71-fe30-41d3-8680-5d08d0b7dd15,qwen3-8b,yes,no,False,0.27150456301751547,2,yes
pubmedqa,287,c6f01b71-fe30-41d3-8680-5d08d0b7dd15,qwen3-8b,yes,yes,True,0.288893693999853,2,yes
pubmedqa,288,c6f01b71-fe30-41d3-8680-5d08d0b7dd15,qwen3-8b,no,yes,False,0.2738658410089556,2,no
pubmedqa,289,c6f01b71-fe30-41d3-8680-5d08d0b7dd15,qwen3-8b,no,no,True,0.26321829299558885,2,no
pubmedqa,290,c6f01b71-fe30-41d3-8680-5d08d0b7dd15,qwen3-8b,no,yes,False,0.2733792349754367,2,no
pubmedqa,291,c6f01b71-fe30-41d3-8680-5d08d0b7dd15,qwen3-8b,maybe,maybe,True,0.2733098320022691,2,maybe
pubmedqa,292,c6f01b71-fe30-41d3-8680-5d08d0b7dd15,qwen3-8b,no,no,True,0.2725540050014388,2,no
pubmedqa,293,c6f01b71-fe30-41d3-8680-5d08d0b7dd15,qwen3-8b,maybe,maybe,True,0.26977036299649626,2,maybe
pubmedqa,294,c6f01b71-fe30-41d3-8680-5d08d0b7dd15,qwen3-8b,maybe,yes,False,0.37292848402285017,2,maybe
pubmedqa,295,c6f01b71-fe30-41d3-8680-5d08d0b7dd15,qwen3-8b,yes,yes,True,0.2534464880009182,2,yes
pubmedqa,296,c6f01b71-fe30-41d3-8680-5d08d0b7dd15,qwen3-8b,yes,yes,True,0.22751440800493583,2,yes
pubmedqa,297,c6f01b71-fe30-41d3-8680-5d08d0b7dd15,qwen3-8b,yes,no,False,0.25068337901029736,2,yes
pubmedqa,298,c6f01b71-fe30-41d3-8680-5d08d0b7dd15,qwen3-8b,yes,yes,True,0.349646044021938,2,yes
pubmedqa,299,c6f01b71-fe30-41d3-8680-5d08d0b7dd15,qwen3-8b,yes,yes,True,0.34269744000630453,2,yes
pubmedqa,300,c6f01b71-fe30-41d3-8680-5d08d0b7dd15,qwen3-8b,yes,yes,True,0.28703060300904326,2,yes
pubmedqa,301,c6f01b71-fe30-41d3-8680-5d08d0b7dd15,qwen3-8b,no,no,True,0.23022541499813087,2,no
pubmedqa,302,c6f01b71-fe30-41d3-8680-5d08d0b7dd15,qwen3-8b,no,no,True,0.2871293060015887,2,no
pubmedqa,303,c6f01b71-fe30-41d3-8680-5d08d0b7dd15,qwen3-8b,yes,yes,True,0.24281599398818798,2,yes
pubmedqa,304,c6f01b71-fe30-41d3-8680-5d08d0b7dd15,qwen3-8b,yes,yes,True,0.3194200329890009,2,yes
pubmedqa,305,c6f01b71-fe30-41d3-8680-5d08d0b7dd15,qwen3-8b,yes,yes,True,0.2526598240074236,2,yes
pubmedqa,306,c6f01b71-fe30-41d3-8680-5d08d0b7dd15,qwen3-8b,yes,yes,True,0.23016587097663432,2,yes
pubmedqa,307,c6f01b71-fe30-41d3-8680-5d08d0b7dd15,qwen3-8b,yes,yes,True,0.21553251598379575,2,yes
pubmedqa,308,c6f01b71-fe30-41d3-8680-5d08d0b7dd15,qwen3-8b,no,yes,False,0.24159741500625387,2,no
pubmedqa,309,c6f01b71-fe30-41d3-8680-5d08d0b7dd15,qwen3-8b,no,maybe,False,0.207054810016416,2,no
pubmedqa,310,c6f01b71-fe30-41d3-8680-5d08d0b7dd15,qwen3-8b,maybe,yes,False,0.30656243601697497,2,maybe
pubmedqa,311,c6f01b71-fe30-41d3-8680-5d08d0b7dd15,qwen3-8b,maybe,no,False,0.2289241039834451,2,maybe
pubmedqa,312,c6f01b71-fe30-41d3-8680-5d08d0b7dd15,qwen3-8b,no,yes,False,0.2466145609796513,2,no
pubmedqa,313,c6f01b71-fe30-41d3-8680-5d08d0b7dd15,qwen3-8b,yes,yes,True,0.304677239008015,2,yes
pubmedqa,314,c6f01b71-fe30-41d3-8680-5d08d0b7dd15,qwen3-8b,yes,yes,True,0.2594117370026652,2,yes
pubmedqa,315,c6f01b71-fe30-41d3-8680-5d08d0b7dd15,qwen3-8b,maybe,no,False,0.30806549900444224,2,maybe
pubmedqa,316,c6f01b71-fe30-41d3-8680-5d08d0b7dd15,qwen3-8b,yes,yes,True,0.26657376397633925,2,yes
pubmedqa,317,c6f01b71-fe30-41d3-8680-5d08d0b7dd15,qwen3-8b,yes,no,False,0.2880013429967221,2,yes
pubmedqa,318,c6f01b71-fe30-41d3-8680-5d08d0b7dd15,qwen3-8b,yes,yes,True,0.20670675599831156,2,yes
pubmedqa,319,c6f01b71-fe30-41d3-8680-5d08d0b7dd15,qwen3-8b,yes,yes,True,0.35551279701758176,2,yes
pubmedqa,320,c6f01b71-fe30-41d3-8680-5d08d0b7dd15,qwen3-8b,no,no,True,0.2298977040045429,2,no
pubmedqa,321,c6f01b71-fe30-41d3-8680-5d08d0b7dd15,qwen3-8b,no,no,True,0.21067850300460123,2,no
pubmedqa,322,c6f01b71-fe30-41d3-8680-5d08d0b7dd15,qwen3-8b,no,maybe,False,0.25509743101429194,2,no
pubmedqa,323,c6f01b71-fe30-41d3-8680-5d08d0b7dd15,qwen3-8b,yes,yes,True,0.231117680988973,2,yes
pubmedqa,324,c6f01b71-fe30-41d3-8680-5d08d0b7dd15,qwen3-8b,no,no,True,0.22943858199869283,2,no
pubmedqa,325,c6f01b71-fe30-41d3-8680-5d08d0b7dd15,qwen3-8b,yes,yes,True,0.2709582550160121,2,yes
pubmedqa,326,c6f01b71-fe30-41d3-8680-5d08d0b7dd15,qwen3-8b,yes,yes,True,0.272772401018301,2,yes
pubmedqa,327,c6f01b71-fe30-41d3-8680-5d08d0b7dd15,qwen3-8b,yes,maybe,False,0.2535354269784875,2,yes
pubmedqa,328,c6f01b71-fe30-41d3-8680-5d08d0b7dd15,qwen3-8b,maybe,no,False,0.27289715901133604,2,maybe
pubmedqa,329,c6f01b71-fe30-41d3-8680-5d08d0b7dd15,qwen3-8b,maybe,yes,False,0.21111261201440357,2,maybe
pubmedqa,330,c6f01b71-fe30-41d3-8680-5d08d0b7dd15,qwen3-8b,yes,yes,True,0.2520200540020596,2,yes
pubmedqa,331,c6f01b71-fe30-41d3-8680-5d08d0b7dd15,qwen3-8b,yes,yes,True,0.2702787530142814,2,yes
pubmedqa,332,c6f01b71-fe30-41d3-8680-5d08d0b7dd15,qwen3-8b,yes,yes,True,0.1894842789915856,2,yes
pubmedqa,333,c6f01b71-fe30-41d3-8680-5d08d0b7dd15,qwen3-8b,maybe,no,False,0.2523098159872461,2,maybe
pubmedqa,334,c6f01b71-fe30-41d3-8680-5d08d0b7dd15,qwen3-8b,yes,no,False,0.2555962380138226,2,yes
pubmedqa,335,c6f01b71-fe30-41d3-8680-5d08d0b7dd15,qwen3-8b,no,no,True,0.2320261120039504,2,no
pubmedqa,336,c6f01b71-fe30-41d3-8680-5d08d0b7dd15,qwen3-8b,yes,yes,True,0.27332502300851047,2,yes
pubmedqa,337,c6f01b71-fe30-41d3-8680-5d08d0b7dd15,qwen3-8b,yes,yes,True,0.2724610080185812,2,yes
pubmedqa,338,c6f01b71-fe30-41d3-8680-5d08d0b7dd15,qwen3-8b,yes,yes,True,0.2969156430044677,2,yes
pubmedqa,339,c6f01b71-fe30-41d3-8680-5d08d0b7dd15,qwen3-8b,yes,yes,True,0.27137285500066355,2,yes
pubmedqa,340,c6f01b71-fe30-41d3-8680-5d08d0b7dd15,qwen3-8b,yes,maybe,False,0.23012650400050916,2,yes
pubmedqa,341,c6f01b71-fe30-41d3-8680-5d08d0b7dd15,qwen3-8b,no,no,True,0.20844914999906905,2,no
pubmedqa,342,c6f01b71-fe30-41d3-8680-5d08d0b7dd15,qwen3-8b,no,no,True,0.2733083670027554,2,no
pubmedqa,343,c6f01b71-fe30-41d3-8680-5d08d0b7dd15,qwen3-8b,no,maybe,False,0.25479386202641763,2,no
pubmedqa,344,c6f01b71-fe30-41d3-8680-5d08d0b7dd15,qwen3-8b,no,no,True,0.25378603700664826,2,no
pubmedqa,345,c6f01b71-fe30-41d3-8680-5d08d0b7dd15,qwen3-8b,yes,maybe,False,0.2523880769731477,2,yes
pubmedqa,346,c6f01b71-fe30-41d3-8680-5d08d0b7dd15,qwen3-8b,yes,no,False,0.275128623994533,2,yes
pubmedqa,347,c6f01b71-fe30-41d3-8680-5d08d0b7dd15,qwen3-8b,yes,yes,True,0.27299312502145767,2,yes
pubmedqa,348,c6f01b71-fe30-41d3-8680-5d08d0b7dd15,qwen3-8b,yes,yes,True,0.2606070739857387,2,yes
pubmedqa,349,c6f01b71-fe30-41d3-8680-5d08d0b7dd15,qwen3-8b,yes,yes,True,0.2279225599777419,2,yes
pubmedqa,350,c6f01b71-fe30-41d3-8680-5d08d0b7dd15,qwen3-8b,no,no,True,0.21182270400458947,2,no
pubmedqa,351,c6f01b71-fe30-41d3-8680-5d08d0b7dd15,qwen3-8b,no,yes,False,0.2553949239954818,2,no
pubmedqa,352,c6f01b71-fe30-41d3-8680-5d08d0b7dd15,qwen3-8b,no,maybe,False,0.2924426290264819,2,no
pubmedqa,353,c6f01b71-fe30-41d3-8680-5d08d0b7dd15,qwen3-8b,yes,yes,True,0.2585491039790213,2,yes
pubmedqa,354,c6f01b71-fe30-41d3-8680-5d08d0b7dd15,qwen3-8b,yes,yes,True,0.23054934802348725,2,yes
pubmedqa,355,c6f01b71-fe30-41d3-8680-5d08d0b7dd15,qwen3-8b,maybe,maybe,True,0.20873091000248678,2,maybe
pubmedqa,356,c6f01b71-fe30-41d3-8680-5d08d0b7dd15,qwen3-8b,no,no,True,0.273102862003725,2,no
pubmedqa,357,c6f01b71-fe30-41d3-8680-5d08d0b7dd15,qwen3-8b,no,no,True,0.318862195010297,2,no
pubmedqa,358,c6f01b71-fe30-41d3-8680-5d08d0b7dd15,qwen3-8b,no,no,True,0.19713620300171897,2,no
pubmedqa,359,c6f01b71-fe30-41d3-8680-5d08d0b7dd15,qwen3-8b,no,no,True,0.22962073699454777,2,no
pubmedqa,360,c6f01b71-fe30-41d3-8680-5d08d0b7dd15,qwen3-8b,yes,yes,True,0.2277044240036048,2,yes
pubmedqa,361,c6f01b71-fe30-41d3-8680-5d08d0b7dd15,qwen3-8b,no,yes,False,0.27679700701264665,2,no
pubmedqa,362,c6f01b71-fe30-41d3-8680-5d08d0b7dd15,qwen3-8b,maybe,yes,False,0.22814187398762442,2,maybe
pubmedqa,363,c6f01b71-fe30-41d3-8680-5d08d0b7dd15,qwen3-8b,no,no,True,0.21212257799925283,2,no
pubmedqa,364,c6f01b71-fe30-41d3-8680-5d08d0b7dd15,qwen3-8b,no,no,True,0.22970319699379615,2,no
pubmedqa,365,c6f01b71-fe30-41d3-8680-5d08d0b7dd15,qwen3-8b,maybe,no,False,0.22957504299120046,2,maybe
pubmedqa,366,c6f01b71-fe30-41d3-8680-5d08d0b7dd15,qwen3-8b,yes,yes,True,0.33601126601570286,2,yes
pubmedqa,367,c6f01b71-fe30-41d3-8680-5d08d0b7dd15,qwen3-8b,yes,yes,True,0.2581035140028689,2,yes
pubmedqa,368,c6f01b71-fe30-41d3-8680-5d08d0b7dd15,qwen3-8b,no,no,True,0.22911726500024088,2,no
pubmedqa,369,c6f01b71-fe30-41d3-8680-5d08d0b7dd15,qwen3-8b,yes,maybe,False,0.2785940410103649,2,yes
pubmedqa,370,c6f01b71-fe30-41d3-8680-5d08d0b7dd15,qwen3-8b,yes,yes,True,0.2533774889889173,2,yes
pubmedqa,371,c6f01b71-fe30-41d3-8680-5d08d0b7dd15,qwen3-8b,yes,yes,True,0.2299352039990481,2,yes
pubmedqa,372,c6f01b71-fe30-41d3-8680-5d08d0b7dd15,qwen3-8b,no,no,True,0.25075103098060936,2,no
pubmedqa,373,c6f01b71-fe30-41d3-8680-5d08d0b7dd15,qwen3-8b,maybe,no,False,0.2761784879839979,2,maybe
pubmedqa,374,c6f01b71-fe30-41d3-8680-5d08d0b7dd15,qwen3-8b,no,no,True,0.20996569900307804,2,no
pubmedqa,375,c6f01b71-fe30-41d3-8680-5d08d0b7dd15,qwen3-8b,maybe,yes,False,0.25357588098268025,2,maybe
pubmedqa,376,c6f01b71-fe30-41d3-8680-5d08d0b7dd15,qwen3-8b,yes,yes,True,0.2523883280227892,2,yes
pubmedqa,377,c6f01b71-fe30-41d3-8680-5d08d0b7dd15,qwen3-8b,yes,yes,True,0.25226854599895887,2,yes
pubmedqa,378,c6f01b71-fe30-41d3-8680-5d08d0b7dd15,qwen3-8b,yes,yes,True,0.21457354101585224,2,yes
pubmedqa,379,c6f01b71-fe30-41d3-8680-5d08d0b7dd15,qwen3-8b,no,no,True,0.2522592470049858,2,no
pubmedqa,380,c6f01b71-fe30-41d3-8680-5d08d0b7dd15,qwen3-8b,no,no,True,0.25308798998594284,2,no
pubmedqa,381,c6f01b71-fe30-41d3-8680-5d08d0b7dd15,qwen3-8b,yes,yes,True,0.2877178999769967,2,yes
pubmedqa,382,c6f01b71-fe30-41d3-8680-5d08d0b7dd15,qwen3-8b,no,no,True,0.2521446390019264,2,no
pubmedqa,383,c6f01b71-fe30-41d3-8680-5d08d0b7dd15,qwen3-8b,yes,yes,True,0.2757797140220646,2,yes
pubmedqa,384,c6f01b71-fe30-41d3-8680-5d08d0b7dd15,qwen3-8b,yes,maybe,False,0.2520109170000069,2,yes
pubmedqa,385,c6f01b71-fe30-41d3-8680-5d08d0b7dd15,qwen3-8b,no,maybe,False,0.2737626089947298,2,no
pubmedqa,386,c6f01b71-fe30-41d3-8680-5d08d0b7dd15,qwen3-8b,no,no,True,0.35978086999966763,2,no
pubmedqa,387,c6f01b71-fe30-41d3-8680-5d08d0b7dd15,qwen3-8b,yes,yes,True,0.31142080199788325,2,yes
pubmedqa,388,c6f01b71-fe30-41d3-8680-5d08d0b7dd15,qwen3-8b,yes,yes,True,0.23307310001109727,2,yes
pubmedqa,389,c6f01b71-fe30-41d3-8680-5d08d0b7dd15,qwen3-8b,yes,yes,True,0.16617020798730664,2,yes
pubmedqa,390,c6f01b71-fe30-41d3-8680-5d08d0b7dd15,qwen3-8b,no,no,True,0.2350719649984967,2,no
pubmedqa,391,c6f01b71-fe30-41d3-8680-5d08d0b7dd15,qwen3-8b,no,no,True,0.2741853650077246,2,no
pubmedqa,392,c6f01b71-fe30-41d3-8680-5d08d0b7dd15,qwen3-8b,no,no,True,0.2346027749881614,2,no
pubmedqa,393,c6f01b71-fe30-41d3-8680-5d08d0b7dd15,qwen3-8b,no,yes,False,0.2937721739872359,2,no
pubmedqa,394,c6f01b71-fe30-41d3-8680-5d08d0b7dd15,qwen3-8b,no,no,True,0.2899539770151023,2,no
pubmedqa,395,c6f01b71-fe30-41d3-8680-5d08d0b7dd15,qwen3-8b,yes,yes,True,0.22768800699850544,2,yes
pubmedqa,396,c6f01b71-fe30-41d3-8680-5d08d0b7dd15,qwen3-8b,yes,yes,True,0.2548849550075829,2,yes
pubmedqa,397,c6f01b71-fe30-41d3-8680-5d08d0b7dd15,qwen3-8b,yes,yes,True,0.19100116100162268,2,yes
pubmedqa,398,c6f01b71-fe30-41d3-8680-5d08d0b7dd15,qwen3-8b,no,no,True,0.2725482420064509,2,no
pubmedqa,399,c6f01b71-fe30-41d3-8680-5d08d0b7dd15,qwen3-8b,yes,yes,True,0.2739231430168729,2,yes
pubmedqa,400,c6f01b71-fe30-41d3-8680-5d08d0b7dd15,qwen3-8b,no,no,True,0.2755570280132815,2,no
pubmedqa,401,c6f01b71-fe30-41d3-8680-5d08d0b7dd15,qwen3-8b,yes,yes,True,0.25902841601055115,2,yes
pubmedqa,402,c6f01b71-fe30-41d3-8680-5d08d0b7dd15,qwen3-8b,yes,yes,True,0.3147528209956363,2,yes
pubmedqa,403,c6f01b71-fe30-41d3-8680-5d08d0b7dd15,qwen3-8b,yes,yes,True,0.28996327801723965,2,yes
pubmedqa,404,c6f01b71-fe30-41d3-8680-5d08d0b7dd15,qwen3-8b,no,no,True,0.22788967500673607,2,no
pubmedqa,405,c6f01b71-fe30-41d3-8680-5d08d0b7dd15,qwen3-8b,yes,yes,True,0.3352862950123381,2,yes
pubmedqa,406,c6f01b71-fe30-41d3-8680-5d08d0b7dd15,qwen3-8b,no,no,True,0.27156350601580925,2,no
pubmedqa,407,c6f01b71-fe30-41d3-8680-5d08d0b7dd15,qwen3-8b,yes,maybe,False,0.31497836401103996,2,yes
pubmedqa,408,c6f01b71-fe30-41d3-8680-5d08d0b7dd15,qwen3-8b,yes,yes,True,0.2093346460023895,2,yes
pubmedqa,409,c6f01b71-fe30-41d3-8680-5d08d0b7dd15,qwen3-8b,maybe,yes,False,0.2517301000189036,2,maybe
pubmedqa,410,c6f01b71-fe30-41d3-8680-5d08d0b7dd15,qwen3-8b,yes,yes,True,0.253360775008332,2,yes
pubmedqa,411,c6f01b71-fe30-41d3-8680-5d08d0b7dd15,qwen3-8b,maybe,yes,False,0.22769428498577327,2,maybe
pubmedqa,412,c6f01b71-fe30-41d3-8680-5d08d0b7dd15,qwen3-8b,no,no,True,0.2315258239977993,2,no
pubmedqa,413,c6f01b71-fe30-41d3-8680-5d08d0b7dd15,qwen3-8b,no,no,True,0.2542280220077373,2,no
pubmedqa,414,c6f01b71-fe30-41d3-8680-5d08d0b7dd15,qwen3-8b,no,no,True,0.27286645901040174,2,no
pubmedqa,415,c6f01b71-fe30-41d3-8680-5d08d0b7dd15,qwen3-8b,yes,yes,True,0.254274885985069,2,yes
pubmedqa,416,c6f01b71-fe30-41d3-8680-5d08d0b7dd15,qwen3-8b,yes,maybe,False,0.29153575500822626,2,yes
pubmedqa,417,c6f01b71-fe30-41d3-8680-5d08d0b7dd15,qwen3-8b,yes,yes,True,0.3131263710092753,2,yes
pubmedqa,418,c6f01b71-fe30-41d3-8680-5d08d0b7dd15,qwen3-8b,no,no,True,0.2719812080031261,2,no
pubmedqa,419,c6f01b71-fe30-41d3-8680-5d08d0b7dd15,qwen3-8b,no,no,True,0.21170644601806998,2,no
pubmedqa,420,c6f01b71-fe30-41d3-8680-5d08d0b7dd15,qwen3-8b,yes,maybe,False,0.27199706999817863,2,yes
pubmedqa,421,c6f01b71-fe30-41d3-8680-5d08d0b7dd15,qwen3-8b,no,yes,False,0.2505962300056126,2,no
pubmedqa,422,c6f01b71-fe30-41d3-8680-5d08d0b7dd15,qwen3-8b,no,yes,False,0.2916465910093393,2,no
pubmedqa,423,c6f01b71-fe30-41d3-8680-5d08d0b7dd15,qwen3-8b,yes,yes,True,0.2321150920179207,2,yes
pubmedqa,424,c6f01b71-fe30-41d3-8680-5d08d0b7dd15,qwen3-8b,yes,yes,True,0.2759515949874185,2,yes
pubmedqa,425,c6f01b71-fe30-41d3-8680-5d08d0b7dd15,qwen3-8b,no,no,True,0.25436075299512595,2,no
pubmedqa,426,c6f01b71-fe30-41d3-8680-5d08d0b7dd15,qwen3-8b,yes,yes,True,0.20900540199363604,2,yes
pubmedqa,427,c6f01b71-fe30-41d3-8680-5d08d0b7dd15,qwen3-8b,yes,yes,True,0.2582243280194234,2,yes
pubmedqa,428,c6f01b71-fe30-41d3-8680-5d08d0b7dd15,qwen3-8b,yes,no,False,0.2717002669814974,2,yes
pubmedqa,429,c6f01b71-fe30-41d3-8680-5d08d0b7dd15,qwen3-8b,yes,yes,True,0.2541852949943859,2,yes
pubmedqa,430,c6f01b71-fe30-41d3-8680-5d08d0b7dd15,qwen3-8b,yes,yes,True,0.23073659098008648,2,yes
pubmedqa,431,c6f01b71-fe30-41d3-8680-5d08d0b7dd15,qwen3-8b,yes,yes,True,0.2521493630192708,2,yes
pubmedqa,432,c6f01b71-fe30-41d3-8680-5d08d0b7dd15,qwen3-8b,no,no,True,0.2537213700124994,2,no
pubmedqa,433,c6f01b71-fe30-41d3-8680-5d08d0b7dd15,qwen3-8b,yes,yes,True,0.2524649269762449,2,yes
pubmedqa,434,c6f01b71-fe30-41d3-8680-5d08d0b7dd15,qwen3-8b,no,no,True,0.20945381000638008,2,no
pubmedqa,435,c6f01b71-fe30-41d3-8680-5d08d0b7dd15,qwen3-8b,no,yes,False,0.23279606699361466,2,no
pubmedqa,436,c6f01b71-fe30-41d3-8680-5d08d0b7dd15,qwen3-8b,yes,yes,True,0.2337671899877023,2,yes
pubmedqa,437,c6f01b71-fe30-41d3-8680-5d08d0b7dd15,qwen3-8b,no,no,True,0.2307891880045645,2,no
pubmedqa,438,c6f01b71-fe30-41d3-8680-5d08d0b7dd15,qwen3-8b,yes,yes,True,0.2911607069836464,2,yes
pubmedqa,439,c6f01b71-fe30-41d3-8680-5d08d0b7dd15,qwen3-8b,yes,yes,True,0.2313069810043089,2,yes
pubmedqa,440,c6f01b71-fe30-41d3-8680-5d08d0b7dd15,qwen3-8b,no,no,True,0.2790414720075205,2,no
pubmedqa,441,c6f01b71-fe30-41d3-8680-5d08d0b7dd15,qwen3-8b,no,no,True,0.24431718600681052,2,no
pubmedqa,442,c6f01b71-fe30-41d3-8680-5d08d0b7dd15,qwen3-8b,no,no,True,0.2590960020024795,2,no
pubmedqa,443,c6f01b71-fe30-41d3-8680-5d08d0b7dd15,qwen3-8b,yes,yes,True,0.27471692601102404,2,yes
pubmedqa,444,c6f01b71-fe30-41d3-8680-5d08d0b7dd15,qwen3-8b,yes,yes,True,0.2871594319876749,2,yes
pubmedqa,445,c6f01b71-fe30-41d3-8680-5d08d0b7dd15,qwen3-8b,no,no,True,0.2103165390144568,2,no
pubmedqa,446,c6f01b71-fe30-41d3-8680-5d08d0b7dd15,qwen3-8b,no,no,True,0.23291812001843937,2,no
pubmedqa,447,c6f01b71-fe30-41d3-8680-5d08d0b7dd15,qwen3-8b,maybe,no,False,0.2881727560015861,2,maybe
pubmedqa,448,c6f01b71-fe30-41d3-8680-5d08d0b7dd15,qwen3-8b,no,no,True,0.2747398469946347,2,no
pubmedqa,449,c6f01b71-fe30-41d3-8680-5d08d0b7dd15,qwen3-8b,yes,yes,True,0.28221138098160736,2,yes
pubmedqa,450,c6f01b71-fe30-41d3-8680-5d08d0b7dd15,qwen3-8b,no,yes,False,0.20753896998940036,2,no
pubmedqa,451,c6f01b71-fe30-41d3-8680-5d08d0b7dd15,qwen3-8b,no,yes,False,0.24233479899703525,2,no
pubmedqa,452,c6f01b71-fe30-41d3-8680-5d08d0b7dd15,qwen3-8b,no,no,True,0.2908339030109346,2,no
pubmedqa,453,c6f01b71-fe30-41d3-8680-5d08d0b7dd15,qwen3-8b,yes,yes,True,0.25676654401468113,2,yes
pubmedqa,454,c6f01b71-fe30-41d3-8680-5d08d0b7dd15,qwen3-8b,no,no,True,0.3268051109916996,2,no
pubmedqa,455,c6f01b71-fe30-41d3-8680-5d08d0b7dd15,qwen3-8b,no,no,True,0.3217450619849842,2,no
pubmedqa,456,c6f01b71-fe30-41d3-8680-5d08d0b7dd15,qwen3-8b,no,no,True,0.2898045440088026,2,no
pubmedqa,457,c6f01b71-fe30-41d3-8680-5d08d0b7dd15,qwen3-8b,no,no,True,0.32785933499690145,2,no
pubmedqa,458,c6f01b71-fe30-41d3-8680-5d08d0b7dd15,qwen3-8b,maybe,no,False,0.26935507598682307,2,maybe
pubmedqa,459,c6f01b71-fe30-41d3-8680-5d08d0b7dd15,qwen3-8b,no,no,True,0.3016096179781016,2,no
pubmedqa,460,c6f01b71-fe30-41d3-8680-5d08d0b7dd15,qwen3-8b,yes,yes,True,0.2704172930098139,2,yes
pubmedqa,461,c6f01b71-fe30-41d3-8680-5d08d0b7dd15,qwen3-8b,no,no,True,0.23582906799856573,2,no
pubmedqa,462,c6f01b71-fe30-41d3-8680-5d08d0b7dd15,qwen3-8b,no,no,True,0.3322223119903356,2,no
pubmedqa,463,c6f01b71-fe30-41d3-8680-5d08d0b7dd15,qwen3-8b,yes,yes,True,0.2816763230075594,2,yes
pubmedqa,464,c6f01b71-fe30-41d3-8680-5d08d0b7dd15,qwen3-8b,no,yes,False,0.24614435801049694,2,no
pubmedqa,465,c6f01b71-fe30-41d3-8680-5d08d0b7dd15,qwen3-8b,yes,yes,True,0.2800961100147106,2,yes
pubmedqa,466,c6f01b71-fe30-41d3-8680-5d08d0b7dd15,qwen3-8b,yes,yes,True,0.2581090810126625,2,yes
pubmedqa,467,c6f01b71-fe30-41d3-8680-5d08d0b7dd15,qwen3-8b,yes,yes,True,0.34236067498568445,2,yes
pubmedqa,468,c6f01b71-fe30-41d3-8680-5d08d0b7dd15,qwen3-8b,no,no,True,0.23230638899258338,2,no
pubmedqa,469,c6f01b71-fe30-41d3-8680-5d08d0b7dd15,qwen3-8b,no,yes,False,0.21135358899482526,2,no
pubmedqa,470,c6f01b71-fe30-41d3-8680-5d08d0b7dd15,qwen3-8b,maybe,yes,False,0.27221490000374615,2,maybe
pubmedqa,471,c6f01b71-fe30-41d3-8680-5d08d0b7dd15,qwen3-8b,yes,yes,True,0.31048623099923134,2,yes
pubmedqa,472,c6f01b71-fe30-41d3-8680-5d08d0b7dd15,qwen3-8b,yes,yes,True,0.23171726099099033,2,yes
pubmedqa,473,c6f01b71-fe30-41d3-8680-5d08d0b7dd15,qwen3-8b,yes,yes,True,0.3167600840097293,2,yes
pubmedqa,474,c6f01b71-fe30-41d3-8680-5d08d0b7dd15,qwen3-8b,yes,yes,True,0.3398627300048247,2,yes
pubmedqa,475,c6f01b71-fe30-41d3-8680-5d08d0b7dd15,qwen3-8b,yes,yes,True,0.2588684129877947,2,yes
pubmedqa,476,c6f01b71-fe30-41d3-8680-5d08d0b7dd15,qwen3-8b,yes,yes,True,0.2994529489951674,2,yes
pubmedqa,477,c6f01b71-fe30-41d3-8680-5d08d0b7dd15,qwen3-8b,yes,yes,True,0.3114539550151676,2,yes
pubmedqa,478,c6f01b71-fe30-41d3-8680-5d08d0b7dd15,qwen3-8b,no,maybe,False,0.26142409499152564,2,no
pubmedqa,479,c6f01b71-fe30-41d3-8680-5d08d0b7dd15,qwen3-8b,no,yes,False,0.27255131900892593,2,no
pubmedqa,480,c6f01b71-fe30-41d3-8680-5d08d0b7dd15,qwen3-8b,no,yes,False,0.25824483699398115,2,no
pubmedqa,481,c6f01b71-fe30-41d3-8680-5d08d0b7dd15,qwen3-8b,no,no,True,0.21385073999408633,2,no
pubmedqa,482,c6f01b71-fe30-41d3-8680-5d08d0b7dd15,qwen3-8b,maybe,yes,False,0.2445242489920929,2,maybe
pubmedqa,483,c6f01b71-fe30-41d3-8680-5d08d0b7dd15,qwen3-8b,yes,yes,True,0.2993287980207242,2,yes
pubmedqa,484,c6f01b71-fe30-41d3-8680-5d08d0b7dd15,qwen3-8b,yes,yes,True,0.21473916800459847,2,yes
pubmedqa,485,c6f01b71-fe30-41d3-8680-5d08d0b7dd15,qwen3-8b,yes,yes,True,0.3191232290118933,2,yes
pubmedqa,486,c6f01b71-fe30-41d3-8680-5d08d0b7dd15,qwen3-8b,yes,yes,True,0.2909682290046476,2,yes
pubmedqa,487,c6f01b71-fe30-41d3-8680-5d08d0b7dd15,qwen3-8b,yes,yes,True,0.2425949460011907,2,yes
pubmedqa,488,c6f01b71-fe30-41d3-8680-5d08d0b7dd15,qwen3-8b,yes,yes,True,0.28735964000225067,2,yes
pubmedqa,489,c6f01b71-fe30-41d3-8680-5d08d0b7dd15,qwen3-8b,no,no,True,0.295879306999268,2,no
pubmedqa,490,c6f01b71-fe30-41d3-8680-5d08d0b7dd15,qwen3-8b,no,no,True,0.2577309859916568,2,no
pubmedqa,491,c6f01b71-fe30-41d3-8680-5d08d0b7dd15,qwen3-8b,yes,yes,True,0.2810952069994528,2,yes
pubmedqa,492,c6f01b71-fe30-41d3-8680-5d08d0b7dd15,qwen3-8b,no,no,True,0.25504427100531757,2,no
pubmedqa,493,c6f01b71-fe30-41d3-8680-5d08d0b7dd15,qwen3-8b,yes,yes,True,0.21133732100133784,2,yes
pubmedqa,494,c6f01b71-fe30-41d3-8680-5d08d0b7dd15,qwen3-8b,yes,yes,True,0.23676319501828402,2,yes
pubmedqa,495,c6f01b71-fe30-41d3-8680-5d08d0b7dd15,qwen3-8b,no,yes,False,0.293236675002845,2,no
pubmedqa,496,c6f01b71-fe30-41d3-8680-5d08d0b7dd15,qwen3-8b,yes,yes,True,0.35425477000535466,2,yes
pubmedqa,497,c6f01b71-fe30-41d3-8680-5d08d0b7dd15,qwen3-8b,no,no,True,0.21805069298716262,2,no
pubmedqa,498,c6f01b71-fe30-41d3-8680-5d08d0b7dd15,qwen3-8b,no,no,True,0.27814938401570544,2,no
pubmedqa,499,c6f01b71-fe30-41d3-8680-5d08d0b7dd15,qwen3-8b,no,no,True,0.23413167500984855,2,no
pubmedqa,500,c6f01b71-fe30-41d3-8680-5d08d0b7dd15,qwen3-8b,yes,maybe,False,0.23767597798723727,2,yes
pubmedqa,501,c6f01b71-fe30-41d3-8680-5d08d0b7dd15,qwen3-8b,yes,yes,True,0.26757686198106967,2,yes
pubmedqa,502,c6f01b71-fe30-41d3-8680-5d08d0b7dd15,qwen3-8b,no,no,True,0.25063797799521126,2,no
pubmedqa,503,c6f01b71-fe30-41d3-8680-5d08d0b7dd15,qwen3-8b,yes,yes,True,0.27683906999300234,2,yes
pubmedqa,504,c6f01b71-fe30-41d3-8680-5d08d0b7dd15,qwen3-8b,no,no,True,0.2736694540071767,2,no
pubmedqa,505,c6f01b71-fe30-41d3-8680-5d08d0b7dd15,qwen3-8b,no,yes,False,0.2391255969996564,2,no
pubmedqa,506,c6f01b71-fe30-41d3-8680-5d08d0b7dd15,qwen3-8b,yes,no,False,0.2921616020030342,2,yes
pubmedqa,507,c6f01b71-fe30-41d3-8680-5d08d0b7dd15,qwen3-8b,no,no,True,0.2058618529990781,2,no
pubmedqa,508,c6f01b71-fe30-41d3-8680-5d08d0b7dd15,qwen3-8b,yes,yes,True,0.2644158140174113,2,yes
pubmedqa,509,c6f01b71-fe30-41d3-8680-5d08d0b7dd15,qwen3-8b,yes,yes,True,0.31168570098816417,2,yes
pubmedqa,510,c6f01b71-fe30-41d3-8680-5d08d0b7dd15,qwen3-8b,yes,yes,True,0.27021947101457044,2,yes
pubmedqa,511,c6f01b71-fe30-41d3-8680-5d08d0b7dd15,qwen3-8b,yes,yes,True,0.27963715299847536,2,yes
pubmedqa,512,c6f01b71-fe30-41d3-8680-5d08d0b7dd15,qwen3-8b,maybe,no,False,0.2686599269800354,2,maybe
pubmedqa,513,c6f01b71-fe30-41d3-8680-5d08d0b7dd15,qwen3-8b,yes,yes,True,0.3178591480245814,2,yes
pubmedqa,514,c6f01b71-fe30-41d3-8680-5d08d0b7dd15,qwen3-8b,yes,maybe,False,0.26156597200315446,2,yes
pubmedqa,515,c6f01b71-fe30-41d3-8680-5d08d0b7dd15,qwen3-8b,no,no,True,0.2557776659959927,2,no
pubmedqa,516,c6f01b71-fe30-41d3-8680-5d08d0b7dd15,qwen3-8b,yes,yes,True,0.2893272929941304,2,yes
pubmedqa,517,c6f01b71-fe30-41d3-8680-5d08d0b7dd15,qwen3-8b,yes,yes,True,0.21050855799694546,2,yes
pubmedqa,518,c6f01b71-fe30-41d3-8680-5d08d0b7dd15,qwen3-8b,yes,no,False,0.30829548701876774,2,yes
pubmedqa,519,c6f01b71-fe30-41d3-8680-5d08d0b7dd15,qwen3-8b,yes,yes,True,0.28384800598723814,2,yes
pubmedqa,520,c6f01b71-fe30-41d3-8680-5d08d0b7dd15,qwen3-8b,yes,yes,True,0.37172889299108647,2,yes
pubmedqa,521,c6f01b71-fe30-41d3-8680-5d08d0b7dd15,qwen3-8b,yes,yes,True,0.2689254479773808,2,yes
pubmedqa,522,c6f01b71-fe30-41d3-8680-5d08d0b7dd15,qwen3-8b,yes,yes,True,0.2944987289956771,2,yes
pubmedqa,523,c6f01b71-fe30-41d3-8680-5d08d0b7dd15,qwen3-8b,no,no,True,0.2893727999762632,2,no
pubmedqa,524,c6f01b71-fe30-41d3-8680-5d08d0b7dd15,qwen3-8b,yes,yes,True,0.2784663519996684,2,yes
pubmedqa,525,c6f01b71-fe30-41d3-8680-5d08d0b7dd15,qwen3-8b,yes,yes,True,0.31131002100300975,2,yes
pubmedqa,526,c6f01b71-fe30-41d3-8680-5d08d0b7dd15,qwen3-8b,yes,yes,True,0.2336590780178085,2,yes
pubmedqa,527,c6f01b71-fe30-41d3-8680-5d08d0b7dd15,qwen3-8b,no,no,True,0.285606795019703,2,no
pubmedqa,528,c6f01b71-fe30-41d3-8680-5d08d0b7dd15,qwen3-8b,yes,yes,True,0.2613110310048796,2,yes
pubmedqa,529,c6f01b71-fe30-41d3-8680-5d08d0b7dd15,qwen3-8b,yes,yes,True,0.2918958369991742,2,yes
pubmedqa,530,c6f01b71-fe30-41d3-8680-5d08d0b7dd15,qwen3-8b,no,yes,False,0.34589678002521396,2,no
pubmedqa,531,c6f01b71-fe30-41d3-8680-5d08d0b7dd15,qwen3-8b,yes,yes,True,0.21031457599019632,2,yes
pubmedqa,532,c6f01b71-fe30-41d3-8680-5d08d0b7dd15,qwen3-8b,yes,yes,True,0.2922784510010388,2,yes
pubmedqa,533,c6f01b71-fe30-41d3-8680-5d08d0b7dd15,qwen3-8b,maybe,yes,False,0.27245897898683324,2,maybe
pubmedqa,534,c6f01b71-fe30-41d3-8680-5d08d0b7dd15,qwen3-8b,yes,yes,True,0.2559196040092502,2,yes
pubmedqa,535,c6f01b71-fe30-41d3-8680-5d08d0b7dd15,qwen3-8b,yes,yes,True,0.2702899030118715,2,yes
pubmedqa,536,c6f01b71-fe30-41d3-8680-5d08d0b7dd15,qwen3-8b,no,no,True,0.3033168330148328,2,no
pubmedqa,537,c6f01b71-fe30-41d3-8680-5d08d0b7dd15,qwen3-8b,no,no,True,0.27731254100217484,2,no
pubmedqa,538,c6f01b71-fe30-41d3-8680-5d08d0b7dd15,qwen3-8b,no,no,True,0.29046269398531877,2,no
pubmedqa,539,c6f01b71-fe30-41d3-8680-5d08d0b7dd15,qwen3-8b,yes,yes,True,0.3959619350207504,2,yes
pubmedqa,540,c6f01b71-fe30-41d3-8680-5d08d0b7dd15,qwen3-8b,yes,yes,True,0.27292426401982084,2,yes
pubmedqa,541,c6f01b71-fe30-41d3-8680-5d08d0b7dd15,qwen3-8b,yes,yes,True,0.27374104398768395,2,yes
pubmedqa,542,c6f01b71-fe30-41d3-8680-5d08d0b7dd15,qwen3-8b,yes,yes,True,0.2703201039985288,2,yes
pubmedqa,543,c6f01b71-fe30-41d3-8680-5d08d0b7dd15,qwen3-8b,no,yes,False,0.28702839100151323,2,no
pubmedqa,544,c6f01b71-fe30-41d3-8680-5d08d0b7dd15,qwen3-8b,yes,yes,True,0.23204470201744698,2,yes
pubmedqa,545,c6f01b71-fe30-41d3-8680-5d08d0b7dd15,qwen3-8b,yes,yes,True,0.2571752139774617,2,yes
pubmedqa,546,c6f01b71-fe30-41d3-8680-5d08d0b7dd15,qwen3-8b,yes,yes,True,0.2289904640056193,2,yes
pubmedqa,547,c6f01b71-fe30-41d3-8680-5d08d0b7dd15,qwen3-8b,yes,yes,True,0.2779423870088067,2,yes
pubmedqa,548,c6f01b71-fe30-41d3-8680-5d08d0b7dd15,qwen3-8b,yes,yes,True,0.29284930299036205,2,yes
pubmedqa,549,c6f01b71-fe30-41d3-8680-5d08d0b7dd15,qwen3-8b,no,no,True,0.27712033601710573,2,no
pubmedqa,550,c6f01b71-fe30-41d3-8680-5d08d0b7dd15,qwen3-8b,maybe,yes,False,0.2839324660017155,2,maybe
pubmedqa,551,c6f01b71-fe30-41d3-8680-5d08d0b7dd15,qwen3-8b,no,no,True,0.30368090598494746,2,no
pubmedqa,552,c6f01b71-fe30-41d3-8680-5d08d0b7dd15,qwen3-8b,yes,yes,True,0.3430845779948868,2,yes
pubmedqa,553,c6f01b71-fe30-41d3-8680-5d08d0b7dd15,qwen3-8b,no,no,True,0.3332476709911134,2,no
pubmedqa,554,c6f01b71-fe30-41d3-8680-5d08d0b7dd15,qwen3-8b,no,no,True,0.3326538569817785,2,no
pubmedqa,555,c6f01b71-fe30-41d3-8680-5d08d0b7dd15,qwen3-8b,yes,yes,True,0.23398622998502105,2,yes
pubmedqa,556,c6f01b71-fe30-41d3-8680-5d08d0b7dd15,qwen3-8b,yes,yes,True,0.2625812269980088,2,yes
pubmedqa,557,c6f01b71-fe30-41d3-8680-5d08d0b7dd15,qwen3-8b,no,no,True,0.28802464800537564,2,no
pubmedqa,558,c6f01b71-fe30-41d3-8680-5d08d0b7dd15,qwen3-8b,no,yes,False,0.258112676005112,2,no
pubmedqa,559,c6f01b71-fe30-41d3-8680-5d08d0b7dd15,qwen3-8b,no,no,True,0.21432519401423633,2,no
pubmedqa,560,c6f01b71-fe30-41d3-8680-5d08d0b7dd15,qwen3-8b,no,no,True,0.21426638701814227,2,no
pubmedqa,561,c6f01b71-fe30-41d3-8680-5d08d0b7dd15,qwen3-8b,maybe,yes,False,0.2996936829877086,2,maybe
pubmedqa,562,c6f01b71-fe30-41d3-8680-5d08d0b7dd15,qwen3-8b,no,no,True,0.2954154670005664,2,no
pubmedqa,563,c6f01b71-fe30-41d3-8680-5d08d0b7dd15,qwen3-8b,yes,yes,True,0.25554132799152285,2,yes
pubmedqa,564,c6f01b71-fe30-41d3-8680-5d08d0b7dd15,qwen3-8b,yes,yes,True,0.27105443499749526,2,yes
pubmedqa,565,c6f01b71-fe30-41d3-8680-5d08d0b7dd15,qwen3-8b,no,no,True,0.21486963698407635,2,no
pubmedqa,566,c6f01b71-fe30-41d3-8680-5d08d0b7dd15,qwen3-8b,maybe,yes,False,0.2368195180024486,2,maybe
pubmedqa,567,c6f01b71-fe30-41d3-8680-5d08d0b7dd15,qwen3-8b,yes,yes,True,0.295372305001365,2,yes
pubmedqa,568,c6f01b71-fe30-41d3-8680-5d08d0b7dd15,qwen3-8b,yes,yes,True,0.2508019719971344,2,yes
pubmedqa,569,c6f01b71-fe30-41d3-8680-5d08d0b7dd15,qwen3-8b,yes,yes,True,0.2069021519855596,2,yes
pubmedqa,570,c6f01b71-fe30-41d3-8680-5d08d0b7dd15,qwen3-8b,no,yes,False,0.2797091120155528,2,no
pubmedqa,571,c6f01b71-fe30-41d3-8680-5d08d0b7dd15,qwen3-8b,yes,yes,True,0.2738810049777385,2,yes
pubmedqa,572,c6f01b71-fe30-41d3-8680-5d08d0b7dd15,qwen3-8b,no,no,True,0.21043849000125192,2,no
pubmedqa,573,c6f01b71-fe30-41d3-8680-5d08d0b7dd15,qwen3-8b,yes,yes,True,0.2737011270073708,2,yes
pubmedqa,574,c6f01b71-fe30-41d3-8680-5d08d0b7dd15,qwen3-8b,yes,yes,True,0.2728514280170202,2,yes
pubmedqa,575,c6f01b71-fe30-41d3-8680-5d08d0b7dd15,qwen3-8b,yes,yes,True,0.20982140701380558,2,yes
pubmedqa,576,c6f01b71-fe30-41d3-8680-5d08d0b7dd15,qwen3-8b,no,yes,False,0.2778823559929151,2,no
pubmedqa,577,c6f01b71-fe30-41d3-8680-5d08d0b7dd15,qwen3-8b,no,no,True,0.23034306499175727,2,no
pubmedqa,578,c6f01b71-fe30-41d3-8680-5d08d0b7dd15,qwen3-8b,yes,yes,True,0.22994415598805062,2,yes
pubmedqa,579,c6f01b71-fe30-41d3-8680-5d08d0b7dd15,qwen3-8b,yes,yes,True,0.23736206701141782,2,yes
pubmedqa,580,c6f01b71-fe30-41d3-8680-5d08d0b7dd15,qwen3-8b,no,no,True,0.27923605099203996,2,no
pubmedqa,581,c6f01b71-fe30-41d3-8680-5d08d0b7dd15,qwen3-8b,no,no,True,0.21026005799649283,2,no
pubmedqa,582,c6f01b71-fe30-41d3-8680-5d08d0b7dd15,qwen3-8b,yes,yes,True,0.2948005729995202,2,yes
pubmedqa,583,c6f01b71-fe30-41d3-8680-5d08d0b7dd15,qwen3-8b,yes,yes,True,0.2724107750109397,2,yes
pubmedqa,584,c6f01b71-fe30-41d3-8680-5d08d0b7dd15,qwen3-8b,no,no,True,0.25483493000501767,2,no
pubmedqa,585,c6f01b71-fe30-41d3-8680-5d08d0b7dd15,qwen3-8b,yes,yes,True,0.25847552900086157,2,yes
pubmedqa,586,c6f01b71-fe30-41d3-8680-5d08d0b7dd15,qwen3-8b,yes,maybe,False,0.23488280401215889,2,yes
pubmedqa,587,c6f01b71-fe30-41d3-8680-5d08d0b7dd15,qwen3-8b,maybe,yes,False,0.27332137801568024,2,maybe
pubmedqa,588,c6f01b71-fe30-41d3-8680-5d08d0b7dd15,qwen3-8b,no,no,True,0.21194196201395243,2,no
pubmedqa,589,c6f01b71-fe30-41d3-8680-5d08d0b7dd15,qwen3-8b,yes,yes,True,0.2710585870081559,2,yes
pubmedqa,590,c6f01b71-fe30-41d3-8680-5d08d0b7dd15,qwen3-8b,no,no,True,0.2523389179841615,2,no
pubmedqa,591,c6f01b71-fe30-41d3-8680-5d08d0b7dd15,qwen3-8b,yes,yes,True,0.23032919599791057,2,yes
pubmedqa,592,c6f01b71-fe30-41d3-8680-5d08d0b7dd15,qwen3-8b,yes,maybe,False,0.1941057989897672,2,yes
pubmedqa,593,c6f01b71-fe30-41d3-8680-5d08d0b7dd15,qwen3-8b,yes,maybe,False,0.26347741700010374,2,yes
pubmedqa,594,c6f01b71-fe30-41d3-8680-5d08d0b7dd15,qwen3-8b,yes,maybe,False,0.23171458701835945,2,yes
pubmedqa,595,c6f01b71-fe30-41d3-8680-5d08d0b7dd15,qwen3-8b,no,no,True,0.24432292999699712,2,no
pubmedqa,596,c6f01b71-fe30-41d3-8680-5d08d0b7dd15,qwen3-8b,yes,yes,True,0.23280926400911994,2,yes
pubmedqa,597,c6f01b71-fe30-41d3-8680-5d08d0b7dd15,qwen3-8b,no,no,True,0.29043624200858176,2,no
pubmedqa,598,c6f01b71-fe30-41d3-8680-5d08d0b7dd15,qwen3-8b,yes,yes,True,0.2091244769981131,2,yes
pubmedqa,599,c6f01b71-fe30-41d3-8680-5d08d0b7dd15,qwen3-8b,yes,yes,True,0.25649974297266454,2,yes
pubmedqa,600,c6f01b71-fe30-41d3-8680-5d08d0b7dd15,qwen3-8b,yes,yes,True,0.194770308007719,2,yes
pubmedqa,601,c6f01b71-fe30-41d3-8680-5d08d0b7dd15,qwen3-8b,maybe,yes,False,0.21238360699499026,2,maybe
pubmedqa,602,c6f01b71-fe30-41d3-8680-5d08d0b7dd15,qwen3-8b,yes,yes,True,0.25143956899410114,2,yes
pubmedqa,603,c6f01b71-fe30-41d3-8680-5d08d0b7dd15,qwen3-8b,yes,yes,True,0.23327768500894308,2,yes
pubmedqa,604,c6f01b71-fe30-41d3-8680-5d08d0b7dd15,qwen3-8b,maybe,yes,False,0.2333625550090801,2,maybe
pubmedqa,605,c6f01b71-fe30-41d3-8680-5d08d0b7dd15,qwen3-8b,yes,no,False,0.2517885960114654,2,yes
pubmedqa,606,c6f01b71-fe30-41d3-8680-5d08d0b7dd15,qwen3-8b,yes,yes,True,0.24647771299351007,2,yes
pubmedqa,607,c6f01b71-fe30-41d3-8680-5d08d0b7dd15,qwen3-8b,yes,yes,True,0.3028417059977073,2,yes
pubmedqa,608,c6f01b71-fe30-41d3-8680-5d08d0b7dd15,qwen3-8b,no,no,True,0.20993513698340394,2,no
pubmedqa,609,c6f01b71-fe30-41d3-8680-5d08d0b7dd15,qwen3-8b,yes,yes,True,0.2543623480014503,2,yes
pubmedqa,610,c6f01b71-fe30-41d3-8680-5d08d0b7dd15,qwen3-8b,yes,yes,True,0.22859045999939553,2,yes
pubmedqa,611,c6f01b71-fe30-41d3-8680-5d08d0b7dd15,qwen3-8b,yes,no,False,0.25293098599649966,2,yes
pubmedqa,612,c6f01b71-fe30-41d3-8680-5d08d0b7dd15,qwen3-8b,no,no,True,0.27483815400046296,2,no
pubmedqa,613,c6f01b71-fe30-41d3-8680-5d08d0b7dd15,qwen3-8b,no,maybe,False,0.2743207100138534,2,no
pubmedqa,614,c6f01b71-fe30-41d3-8680-5d08d0b7dd15,qwen3-8b,yes,yes,True,0.2343271120043937,2,yes
pubmedqa,615,c6f01b71-fe30-41d3-8680-5d08d0b7dd15,qwen3-8b,yes,yes,True,0.21401000799960457,2,yes
pubmedqa,616,c6f01b71-fe30-41d3-8680-5d08d0b7dd15,qwen3-8b,no,no,True,0.275067452021176,2,no
pubmedqa,617,c6f01b71-fe30-41d3-8680-5d08d0b7dd15,qwen3-8b,yes,yes,True,0.2910176479781512,2,yes
pubmedqa,618,c6f01b71-fe30-41d3-8680-5d08d0b7dd15,qwen3-8b,yes,yes,True,0.24919792902073823,2,yes
pubmedqa,619,c6f01b71-fe30-41d3-8680-5d08d0b7dd15,qwen3-8b,no,no,True,0.2533088510099333,2,no
pubmedqa,620,c6f01b71-fe30-41d3-8680-5d08d0b7dd15,qwen3-8b,yes,yes,True,0.2103395230078604,2,yes
pubmedqa,621,c6f01b71-fe30-41d3-8680-5d08d0b7dd15,qwen3-8b,yes,yes,True,0.24321666697505862,2,yes
pubmedqa,622,c6f01b71-fe30-41d3-8680-5d08d0b7dd15,qwen3-8b,no,yes,False,0.22993908199714497,2,no
pubmedqa,623,c6f01b71-fe30-41d3-8680-5d08d0b7dd15,qwen3-8b,no,no,True,0.275538632995449,2,no
pubmedqa,624,c6f01b71-fe30-41d3-8680-5d08d0b7dd15,qwen3-8b,yes,yes,True,0.27696357597596943,2,yes
pubmedqa,625,c6f01b71-fe30-41d3-8680-5d08d0b7dd15,qwen3-8b,no,yes,False,0.2348268680216279,2,no
pubmedqa,626,c6f01b71-fe30-41d3-8680-5d08d0b7dd15,qwen3-8b,no,no,True,0.2995708240196109,2,no
pubmedqa,627,c6f01b71-fe30-41d3-8680-5d08d0b7dd15,qwen3-8b,no,no,True,0.2095309180149343,2,no
pubmedqa,628,c6f01b71-fe30-41d3-8680-5d08d0b7dd15,qwen3-8b,yes,yes,True,0.2526866640255321,2,yes
pubmedqa,629,c6f01b71-fe30-41d3-8680-5d08d0b7dd15,qwen3-8b,no,maybe,False,0.25136492899036966,2,no
pubmedqa,630,c6f01b71-fe30-41d3-8680-5d08d0b7dd15,qwen3-8b,yes,yes,True,0.23552617599489167,2,yes
pubmedqa,631,c6f01b71-fe30-41d3-8680-5d08d0b7dd15,qwen3-8b,yes,yes,True,0.24982186200213619,2,yes
pubmedqa,632,c6f01b71-fe30-41d3-8680-5d08d0b7dd15,qwen3-8b,no,no,True,0.23154047099524178,2,no
pubmedqa,633,c6f01b71-fe30-41d3-8680-5d08d0b7dd15,qwen3-8b,maybe,no,False,0.29228246401180513,2,maybe
pubmedqa,634,c6f01b71-fe30-41d3-8680-5d08d0b7dd15,qwen3-8b,no,no,True,0.2470524899836164,2,no
pubmedqa,635,c6f01b71-fe30-41d3-8680-5d08d0b7dd15,qwen3-8b,yes,no,False,0.276566667977022,2,yes
pubmedqa,636,c6f01b71-fe30-41d3-8680-5d08d0b7dd15,qwen3-8b,yes,yes,True,0.2341138340125326,2,yes
pubmedqa,637,c6f01b71-fe30-41d3-8680-5d08d0b7dd15,qwen3-8b,no,no,True,0.29122813101275824,2,no
pubmedqa,638,c6f01b71-fe30-41d3-8680-5d08d0b7dd15,qwen3-8b,no,yes,False,0.21062079799594358,2,no
pubmedqa,639,c6f01b71-fe30-41d3-8680-5d08d0b7dd15,qwen3-8b,yes,yes,True,0.3382034690002911,2,yes
pubmedqa,640,c6f01b71-fe30-41d3-8680-5d08d0b7dd15,qwen3-8b,no,no,True,0.2586305029981304,2,no
pubmedqa,641,c6f01b71-fe30-41d3-8680-5d08d0b7dd15,qwen3-8b,no,no,True,0.21020250700530596,2,no
pubmedqa,642,c6f01b71-fe30-41d3-8680-5d08d0b7dd15,qwen3-8b,no,no,True,0.31248771998798475,2,no
pubmedqa,643,c6f01b71-fe30-41d3-8680-5d08d0b7dd15,qwen3-8b,yes,yes,True,0.22640591399976984,2,yes
pubmedqa,644,c6f01b71-fe30-41d3-8680-5d08d0b7dd15,qwen3-8b,no,no,True,0.1903776710096281,2,no
pubmedqa,645,c6f01b71-fe30-41d3-8680-5d08d0b7dd15,qwen3-8b,no,no,True,0.2568854560086038,2,no
pubmedqa,646,c6f01b71-fe30-41d3-8680-5d08d0b7dd15,qwen3-8b,yes,yes,True,0.2897332849970553,2,yes
pubmedqa,647,c6f01b71-fe30-41d3-8680-5d08d0b7dd15,qwen3-8b,yes,yes,True,0.23023079099948518,2,yes
pubmedqa,648,c6f01b71-fe30-41d3-8680-5d08d0b7dd15,qwen3-8b,no,no,True,0.257862024998758,2,no
pubmedqa,649,c6f01b71-fe30-41d3-8680-5d08d0b7dd15,qwen3-8b,yes,yes,True,0.27697366400389,2,yes
pubmedqa,650,c6f01b71-fe30-41d3-8680-5d08d0b7dd15,qwen3-8b,yes,no,False,0.21365260201855563,2,yes
pubmedqa,651,c6f01b71-fe30-41d3-8680-5d08d0b7dd15,qwen3-8b,no,no,True,0.25510891099111177,2,no
pubmedqa,652,c6f01b71-fe30-41d3-8680-5d08d0b7dd15,qwen3-8b,no,no,True,0.25235975900432095,2,no
pubmedqa,653,c6f01b71-fe30-41d3-8680-5d08d0b7dd15,qwen3-8b,no,no,True,0.22704624600009993,2,no
pubmedqa,654,c6f01b71-fe30-41d3-8680-5d08d0b7dd15,qwen3-8b,yes,yes,True,0.27611099899513647,2,yes
pubmedqa,655,c6f01b71-fe30-41d3-8680-5d08d0b7dd15,qwen3-8b,no,no,True,0.22699825500603765,2,no
pubmedqa,656,c6f01b71-fe30-41d3-8680-5d08d0b7dd15,qwen3-8b,no,no,True,0.23294549199636094,2,no
pubmedqa,657,c6f01b71-fe30-41d3-8680-5d08d0b7dd15,qwen3-8b,yes,yes,True,0.2284456950146705,2,yes
pubmedqa,658,c6f01b71-fe30-41d3-8680-5d08d0b7dd15,qwen3-8b,no,yes,False,0.2549617980257608,2,no
pubmedqa,659,c6f01b71-fe30-41d3-8680-5d08d0b7dd15,qwen3-8b,yes,yes,True,0.22990229399874806,2,yes
pubmedqa,660,c6f01b71-fe30-41d3-8680-5d08d0b7dd15,qwen3-8b,yes,yes,True,0.3130948830221314,2,yes
pubmedqa,661,c6f01b71-fe30-41d3-8680-5d08d0b7dd15,qwen3-8b,no,no,True,0.3075894130161032,2,no
pubmedqa,662,c6f01b71-fe30-41d3-8680-5d08d0b7dd15,qwen3-8b,no,no,True,0.2556858170137275,2,no
pubmedqa,663,c6f01b71-fe30-41d3-8680-5d08d0b7dd15,qwen3-8b,yes,yes,True,0.2918303559999913,2,yes
pubmedqa,664,c6f01b71-fe30-41d3-8680-5d08d0b7dd15,qwen3-8b,yes,yes,True,0.2868807030026801,2,yes
pubmedqa,665,c6f01b71-fe30-41d3-8680-5d08d0b7dd15,qwen3-8b,maybe,no,False,0.3127297020109836,2,maybe
pubmedqa,666,c6f01b71-fe30-41d3-8680-5d08d0b7dd15,qwen3-8b,yes,yes,True,0.27139594400068745,2,yes
pubmedqa,667,c6f01b71-fe30-41d3-8680-5d08d0b7dd15,qwen3-8b,yes,yes,True,0.3445756290166173,2,yes
pubmedqa,668,c6f01b71-fe30-41d3-8680-5d08d0b7dd15,qwen3-8b,maybe,no,False,0.2515526630159002,2,maybe
pubmedqa,669,c6f01b71-fe30-41d3-8680-5d08d0b7dd15,qwen3-8b,yes,yes,True,0.2500358280085493,2,yes
pubmedqa,670,c6f01b71-fe30-41d3-8680-5d08d0b7dd15,qwen3-8b,no,no,True,0.26054507499793544,2,no
pubmedqa,671,c6f01b71-fe30-41d3-8680-5d08d0b7dd15,qwen3-8b,yes,no,False,0.2125449489976745,2,yes
pubmedqa,672,c6f01b71-fe30-41d3-8680-5d08d0b7dd15,qwen3-8b,no,no,True,0.23122046599746682,2,no
pubmedqa,673,c6f01b71-fe30-41d3-8680-5d08d0b7dd15,qwen3-8b,yes,yes,True,0.29186814298736863,2,yes
pubmedqa,674,c6f01b71-fe30-41d3-8680-5d08d0b7dd15,qwen3-8b,yes,yes,True,0.27395837497897446,2,yes
pubmedqa,675,c6f01b71-fe30-41d3-8680-5d08d0b7dd15,qwen3-8b,yes,yes,True,0.2804541829973459,2,yes
pubmedqa,676,c6f01b71-fe30-41d3-8680-5d08d0b7dd15,qwen3-8b,yes,yes,True,0.320272973011015,2,yes
pubmedqa,677,c6f01b71-fe30-41d3-8680-5d08d0b7dd15,qwen3-8b,no,no,True,0.2319384220172651,2,no
pubmedqa,678,c6f01b71-fe30-41d3-8680-5d08d0b7dd15,qwen3-8b,yes,yes,True,0.23361980300978757,2,yes
pubmedqa,679,c6f01b71-fe30-41d3-8680-5d08d0b7dd15,qwen3-8b,yes,yes,True,0.2894926029839553,2,yes
pubmedqa,680,c6f01b71-fe30-41d3-8680-5d08d0b7dd15,qwen3-8b,yes,yes,True,0.3385937529965304,2,yes
pubmedqa,681,c6f01b71-fe30-41d3-8680-5d08d0b7dd15,qwen3-8b,yes,yes,True,0.20928410600754432,2,yes
pubmedqa,682,c6f01b71-fe30-41d3-8680-5d08d0b7dd15,qwen3-8b,yes,yes,True,0.22769161401083693,2,yes
pubmedqa,683,c6f01b71-fe30-41d3-8680-5d08d0b7dd15,qwen3-8b,yes,yes,True,0.2563708429806866,2,yes
pubmedqa,684,c6f01b71-fe30-41d3-8680-5d08d0b7dd15,qwen3-8b,yes,no,False,0.23113489997922443,2,yes
pubmedqa,685,c6f01b71-fe30-41d3-8680-5d08d0b7dd15,qwen3-8b,yes,yes,True,0.2504983590042684,2,yes
pubmedqa,686,c6f01b71-fe30-41d3-8680-5d08d0b7dd15,qwen3-8b,yes,yes,True,0.29092142698937096,2,yes
pubmedqa,687,c6f01b71-fe30-41d3-8680-5d08d0b7dd15,qwen3-8b,no,no,True,0.24205682700267062,2,no
pubmedqa,688,c6f01b71-fe30-41d3-8680-5d08d0b7dd15,qwen3-8b,no,no,True,0.25278679601615295,2,no
pubmedqa,689,c6f01b71-fe30-41d3-8680-5d08d0b7dd15,qwen3-8b,no,yes,False,0.27291935301036574,2,no
pubmedqa,690,c6f01b71-fe30-41d3-8680-5d08d0b7dd15,qwen3-8b,yes,yes,True,0.28862048499286175,2,yes
pubmedqa,691,c6f01b71-fe30-41d3-8680-5d08d0b7dd15,qwen3-8b,yes,yes,True,0.2914232920156792,2,yes
pubmedqa,692,c6f01b71-fe30-41d3-8680-5d08d0b7dd15,qwen3-8b,no,no,True,0.27383842499693856,2,no
pubmedqa,693,c6f01b71-fe30-41d3-8680-5d08d0b7dd15,qwen3-8b,yes,yes,True,0.232540222001262,2,yes
pubmedqa,694,c6f01b71-fe30-41d3-8680-5d08d0b7dd15,qwen3-8b,yes,yes,True,0.18876345601165667,2,yes
pubmedqa,695,c6f01b71-fe30-41d3-8680-5d08d0b7dd15,qwen3-8b,yes,no,False,0.3150698780082166,2,yes
pubmedqa,696,c6f01b71-fe30-41d3-8680-5d08d0b7dd15,qwen3-8b,yes,yes,True,0.22866470299777575,2,yes
pubmedqa,697,c6f01b71-fe30-41d3-8680-5d08d0b7dd15,qwen3-8b,yes,yes,True,0.23131401900900528,2,yes
pubmedqa,698,c6f01b71-fe30-41d3-8680-5d08d0b7dd15,qwen3-8b,yes,yes,True,0.21034576001693495,2,yes
pubmedqa,699,c6f01b71-fe30-41d3-8680-5d08d0b7dd15,qwen3-8b,yes,maybe,False,0.23270345700439066,2,yes
pubmedqa,700,c6f01b71-fe30-41d3-8680-5d08d0b7dd15,qwen3-8b,yes,yes,True,0.2766838929965161,2,yes
pubmedqa,701,c6f01b71-fe30-41d3-8680-5d08d0b7dd15,qwen3-8b,yes,yes,True,0.2531102219945751,2,yes
pubmedqa,702,c6f01b71-fe30-41d3-8680-5d08d0b7dd15,qwen3-8b,yes,yes,True,0.27205442401464097,2,yes
pubmedqa,703,c6f01b71-fe30-41d3-8680-5d08d0b7dd15,qwen3-8b,maybe,yes,False,0.21378747699782252,2,maybe
pubmedqa,704,c6f01b71-fe30-41d3-8680-5d08d0b7dd15,qwen3-8b,yes,yes,True,0.2696857860137243,2,yes
pubmedqa,705,c6f01b71-fe30-41d3-8680-5d08d0b7dd15,qwen3-8b,no,no,True,0.23350554300122894,2,no
pubmedqa,706,c6f01b71-fe30-41d3-8680-5d08d0b7dd15,qwen3-8b,yes,yes,True,0.27427501100464724,2,yes
pubmedqa,707,c6f01b71-fe30-41d3-8680-5d08d0b7dd15,qwen3-8b,yes,yes,True,0.23311342799570411,2,yes
pubmedqa,708,c6f01b71-fe30-41d3-8680-5d08d0b7dd15,qwen3-8b,no,no,True,0.2521963479812257,2,no
pubmedqa,709,c6f01b71-fe30-41d3-8680-5d08d0b7dd15,qwen3-8b,no,no,True,0.256842595001217,2,no
pubmedqa,710,c6f01b71-fe30-41d3-8680-5d08d0b7dd15,qwen3-8b,no,no,True,0.23533769199275412,2,no
pubmedqa,711,c6f01b71-fe30-41d3-8680-5d08d0b7dd15,qwen3-8b,yes,yes,True,0.25422508400515653,2,yes
pubmedqa,712,c6f01b71-fe30-41d3-8680-5d08d0b7dd15,qwen3-8b,no,no,True,0.23085678499774076,2,no
pubmedqa,713,c6f01b71-fe30-41d3-8680-5d08d0b7dd15,qwen3-8b,yes,yes,True,0.23438840999733657,2,yes
pubmedqa,714,c6f01b71-fe30-41d3-8680-5d08d0b7dd15,qwen3-8b,no,no,True,0.2552730400057044,2,no
pubmedqa,715,c6f01b71-fe30-41d3-8680-5d08d0b7dd15,qwen3-8b,no,no,True,0.23180848199990578,2,no
pubmedqa,716,c6f01b71-fe30-41d3-8680-5d08d0b7dd15,qwen3-8b,yes,yes,True,0.2536761280207429,2,yes
pubmedqa,717,c6f01b71-fe30-41d3-8680-5d08d0b7dd15,qwen3-8b,yes,maybe,False,0.36054862497258,2,yes
pubmedqa,718,c6f01b71-fe30-41d3-8680-5d08d0b7dd15,qwen3-8b,no,no,True,0.2162092519865837,2,no
pubmedqa,719,c6f01b71-fe30-41d3-8680-5d08d0b7dd15,qwen3-8b,no,no,True,0.23747494700364769,2,no
pubmedqa,720,c6f01b71-fe30-41d3-8680-5d08d0b7dd15,qwen3-8b,yes,maybe,False,0.26391475801938213,2,yes
pubmedqa,721,c6f01b71-fe30-41d3-8680-5d08d0b7dd15,qwen3-8b,no,yes,False,0.2796973369840998,2,no
pubmedqa,722,c6f01b71-fe30-41d3-8680-5d08d0b7dd15,qwen3-8b,yes,yes,True,0.25565728000947274,2,yes
pubmedqa,723,c6f01b71-fe30-41d3-8680-5d08d0b7dd15,qwen3-8b,yes,yes,True,0.21678402498946525,2,yes
pubmedqa,724,c6f01b71-fe30-41d3-8680-5d08d0b7dd15,qwen3-8b,yes,yes,True,0.2120887499768287,2,yes
pubmedqa,725,c6f01b71-fe30-41d3-8680-5d08d0b7dd15,qwen3-8b,no,no,True,0.27265894002630375,2,no
pubmedqa,726,c6f01b71-fe30-41d3-8680-5d08d0b7dd15,qwen3-8b,yes,yes,True,0.19365487399045378,2,yes
pubmedqa,727,c6f01b71-fe30-41d3-8680-5d08d0b7dd15,qwen3-8b,yes,yes,True,0.231034433003515,2,yes
pubmedqa,728,c6f01b71-fe30-41d3-8680-5d08d0b7dd15,qwen3-8b,maybe,maybe,True,0.23325508800917305,2,maybe
pubmedqa,729,c6f01b71-fe30-41d3-8680-5d08d0b7dd15,qwen3-8b,no,no,True,0.3033943049958907,2,no
pubmedqa,730,c6f01b71-fe30-41d3-8680-5d08d0b7dd15,qwen3-8b,no,no,True,0.25130132801132277,2,no
pubmedqa,731,c6f01b71-fe30-41d3-8680-5d08d0b7dd15,qwen3-8b,no,no,True,0.19154067401541397,2,no
pubmedqa,732,c6f01b71-fe30-41d3-8680-5d08d0b7dd15,qwen3-8b,no,no,True,0.29588714402052574,2,no
pubmedqa,733,c6f01b71-fe30-41d3-8680-5d08d0b7dd15,qwen3-8b,yes,maybe,False,0.27473874398856424,2,yes
pubmedqa,734,c6f01b71-fe30-41d3-8680-5d08d0b7dd15,qwen3-8b,yes,yes,True,0.24232265900354832,2,yes
pubmedqa,735,c6f01b71-fe30-41d3-8680-5d08d0b7dd15,qwen3-8b,yes,maybe,False,0.2801213859929703,2,yes
pubmedqa,736,c6f01b71-fe30-41d3-8680-5d08d0b7dd15,qwen3-8b,no,yes,False,0.26893010298954323,2,no
pubmedqa,737,c6f01b71-fe30-41d3-8680-5d08d0b7dd15,qwen3-8b,yes,no,False,0.2910499610006809,2,yes
pubmedqa,738,c6f01b71-fe30-41d3-8680-5d08d0b7dd15,qwen3-8b,yes,yes,True,0.31568502201116644,2,yes
pubmedqa,739,c6f01b71-fe30-41d3-8680-5d08d0b7dd15,qwen3-8b,maybe,no,False,0.25380674801999703,2,maybe
pubmedqa,740,c6f01b71-fe30-41d3-8680-5d08d0b7dd15,qwen3-8b,yes,yes,True,0.2735040609841235,2,yes
pubmedqa,741,c6f01b71-fe30-41d3-8680-5d08d0b7dd15,qwen3-8b,no,yes,False,0.20989728800486773,2,no
pubmedqa,742,c6f01b71-fe30-41d3-8680-5d08d0b7dd15,qwen3-8b,no,no,True,0.2935815899982117,2,no
pubmedqa,743,c6f01b71-fe30-41d3-8680-5d08d0b7dd15,qwen3-8b,no,no,True,0.21191306097898632,2,no
pubmedqa,744,c6f01b71-fe30-41d3-8680-5d08d0b7dd15,qwen3-8b,yes,yes,True,0.2328007229953073,2,yes
pubmedqa,745,c6f01b71-fe30-41d3-8680-5d08d0b7dd15,qwen3-8b,no,no,True,0.25414437099243514,2,no
pubmedqa,746,c6f01b71-fe30-41d3-8680-5d08d0b7dd15,qwen3-8b,yes,yes,True,0.22828171297442168,2,yes
pubmedqa,747,c6f01b71-fe30-41d3-8680-5d08d0b7dd15,qwen3-8b,yes,yes,True,0.25001178099773824,2,yes
pubmedqa,748,c6f01b71-fe30-41d3-8680-5d08d0b7dd15,qwen3-8b,yes,maybe,False,0.25835730601102114,2,yes
pubmedqa,749,c6f01b71-fe30-41d3-8680-5d08d0b7dd15,qwen3-8b,yes,yes,True,0.28937055499409325,2,yes
pubmedqa,750,c6f01b71-fe30-41d3-8680-5d08d0b7dd15,qwen3-8b,yes,yes,True,0.2626634420012124,2,yes
pubmedqa,751,c6f01b71-fe30-41d3-8680-5d08d0b7dd15,qwen3-8b,no,maybe,False,0.25589679297991097,2,no
pubmedqa,752,c6f01b71-fe30-41d3-8680-5d08d0b7dd15,qwen3-8b,no,no,True,0.31772824897780083,2,no
pubmedqa,753,c6f01b71-fe30-41d3-8680-5d08d0b7dd15,qwen3-8b,no,yes,False,0.21244295200449415,2,no
pubmedqa,754,c6f01b71-fe30-41d3-8680-5d08d0b7dd15,qwen3-8b,yes,yes,True,0.21314497099956498,2,yes
pubmedqa,755,c6f01b71-fe30-41d3-8680-5d08d0b7dd15,qwen3-8b,yes,yes,True,0.1974969949806109,2,yes
pubmedqa,756,c6f01b71-fe30-41d3-8680-5d08d0b7dd15,qwen3-8b,yes,yes,True,0.21395124701666646,2,yes
pubmedqa,757,c6f01b71-fe30-41d3-8680-5d08d0b7dd15,qwen3-8b,no,no,True,0.25720381797873415,2,no
pubmedqa,758,c6f01b71-fe30-41d3-8680-5d08d0b7dd15,qwen3-8b,yes,yes,True,0.2610476469853893,2,yes
pubmedqa,759,c6f01b71-fe30-41d3-8680-5d08d0b7dd15,qwen3-8b,yes,maybe,False,0.25049719397793524,2,yes
pubmedqa,760,c6f01b71-fe30-41d3-8680-5d08d0b7dd15,qwen3-8b,no,yes,False,0.33811565398355015,2,no
pubmedqa,761,c6f01b71-fe30-41d3-8680-5d08d0b7dd15,qwen3-8b,no,no,True,0.23975634900853038,2,no
pubmedqa,762,c6f01b71-fe30-41d3-8680-5d08d0b7dd15,qwen3-8b,no,no,True,0.2771399269986432,2,no
pubmedqa,763,c6f01b71-fe30-41d3-8680-5d08d0b7dd15,qwen3-8b,yes,maybe,False,0.25790336402133107,2,yes
pubmedqa,764,c6f01b71-fe30-41d3-8680-5d08d0b7dd15,qwen3-8b,no,no,True,0.2753700480097905,2,no
pubmedqa,765,c6f01b71-fe30-41d3-8680-5d08d0b7dd15,qwen3-8b,yes,yes,True,0.23143765100394376,2,yes
pubmedqa,766,c6f01b71-fe30-41d3-8680-5d08d0b7dd15,qwen3-8b,maybe,maybe,True,0.21046474899048917,2,maybe
pubmedqa,767,c6f01b71-fe30-41d3-8680-5d08d0b7dd15,qwen3-8b,no,no,True,0.25856153201311827,2,no
pubmedqa,768,c6f01b71-fe30-41d3-8680-5d08d0b7dd15,qwen3-8b,yes,maybe,False,0.25774688099045306,2,yes
pubmedqa,769,c6f01b71-fe30-41d3-8680-5d08d0b7dd15,qwen3-8b,maybe,no,False,0.25653598102508113,2,maybe
pubmedqa,770,c6f01b71-fe30-41d3-8680-5d08d0b7dd15,qwen3-8b,yes,yes,True,0.22675002401228994,2,yes
pubmedqa,771,c6f01b71-fe30-41d3-8680-5d08d0b7dd15,qwen3-8b,yes,yes,True,0.2545314650051296,2,yes
pubmedqa,772,c6f01b71-fe30-41d3-8680-5d08d0b7dd15,qwen3-8b,no,no,True,0.21299952999106608,2,no
pubmedqa,773,c6f01b71-fe30-41d3-8680-5d08d0b7dd15,qwen3-8b,no,no,True,0.2722200319985859,2,no
pubmedqa,774,c6f01b71-fe30-41d3-8680-5d08d0b7dd15,qwen3-8b,yes,yes,True,0.27231219300301746,2,yes
pubmedqa,775,c6f01b71-fe30-41d3-8680-5d08d0b7dd15,qwen3-8b,yes,maybe,False,0.4212086030165665,2,yes
pubmedqa,776,c6f01b71-fe30-41d3-8680-5d08d0b7dd15,qwen3-8b,no,yes,False,0.25288518800516613,2,no
pubmedqa,777,c6f01b71-fe30-41d3-8680-5d08d0b7dd15,qwen3-8b,no,no,True,0.22940129399648868,2,no
pubmedqa,778,c6f01b71-fe30-41d3-8680-5d08d0b7dd15,qwen3-8b,yes,yes,True,0.21160995500395074,2,yes
pubmedqa,779,c6f01b71-fe30-41d3-8680-5d08d0b7dd15,qwen3-8b,yes,yes,True,0.20762212001136504,2,yes
pubmedqa,780,c6f01b71-fe30-41d3-8680-5d08d0b7dd15,qwen3-8b,yes,yes,True,0.2313962240004912,2,yes
pubmedqa,781,c6f01b71-fe30-41d3-8680-5d08d0b7dd15,qwen3-8b,yes,yes,True,0.2536245879891794,2,yes
pubmedqa,782,c6f01b71-fe30-41d3-8680-5d08d0b7dd15,qwen3-8b,yes,maybe,False,0.25588121300097555,2,yes
pubmedqa,783,c6f01b71-fe30-41d3-8680-5d08d0b7dd15,qwen3-8b,no,no,True,0.29270961400470696,2,no
pubmedqa,784,c6f01b71-fe30-41d3-8680-5d08d0b7dd15,qwen3-8b,yes,yes,True,0.23323454498313367,2,yes
pubmedqa,785,c6f01b71-fe30-41d3-8680-5d08d0b7dd15,qwen3-8b,maybe,maybe,True,0.2140746180084534,2,maybe
pubmedqa,786,c6f01b71-fe30-41d3-8680-5d08d0b7dd15,qwen3-8b,yes,yes,True,0.22873974399408326,2,yes
pubmedqa,787,c6f01b71-fe30-41d3-8680-5d08d0b7dd15,qwen3-8b,no,no,True,0.27345172298373654,2,no
pubmedqa,788,c6f01b71-fe30-41d3-8680-5d08d0b7dd15,qwen3-8b,no,no,True,0.2557878579827957,2,no
pubmedqa,789,c6f01b71-fe30-41d3-8680-5d08d0b7dd15,qwen3-8b,no,no,True,0.2756996290117968,2,no
pubmedqa,790,c6f01b71-fe30-41d3-8680-5d08d0b7dd15,qwen3-8b,no,no,True,0.27418535901233554,2,no
pubmedqa,791,c6f01b71-fe30-41d3-8680-5d08d0b7dd15,qwen3-8b,no,no,True,0.2716951449983753,2,no
pubmedqa,792,c6f01b71-fe30-41d3-8680-5d08d0b7dd15,qwen3-8b,no,no,True,0.2527844889846165,2,no
pubmedqa,793,c6f01b71-fe30-41d3-8680-5d08d0b7dd15,qwen3-8b,no,no,True,0.2732967140036635,2,no
pubmedqa,794,c6f01b71-fe30-41d3-8680-5d08d0b7dd15,qwen3-8b,yes,yes,True,0.22743234198424034,2,yes
pubmedqa,795,c6f01b71-fe30-41d3-8680-5d08d0b7dd15,qwen3-8b,no,no,True,0.22911654799827375,2,no
pubmedqa,796,c6f01b71-fe30-41d3-8680-5d08d0b7dd15,qwen3-8b,no,no,True,0.22883761100820266,2,no
pubmedqa,797,c6f01b71-fe30-41d3-8680-5d08d0b7dd15,qwen3-8b,no,yes,False,0.27379067600122653,2,no
pubmedqa,798,c6f01b71-fe30-41d3-8680-5d08d0b7dd15,qwen3-8b,no,maybe,False,0.2720631410193164,2,no
pubmedqa,799,c6f01b71-fe30-41d3-8680-5d08d0b7dd15,qwen3-8b,yes,yes,True,0.23013860700302757,2,yes
pubmedqa,800,c6f01b71-fe30-41d3-8680-5d08d0b7dd15,qwen3-8b,yes,yes,True,0.2539909729966894,2,yes
pubmedqa,801,c6f01b71-fe30-41d3-8680-5d08d0b7dd15,qwen3-8b,yes,maybe,False,0.25489010399905965,2,yes
pubmedqa,802,c6f01b71-fe30-41d3-8680-5d08d0b7dd15,qwen3-8b,yes,yes,True,0.2542750060092658,2,yes
pubmedqa,803,c6f01b71-fe30-41d3-8680-5d08d0b7dd15,qwen3-8b,yes,yes,True,0.25795470699085854,2,yes
pubmedqa,804,c6f01b71-fe30-41d3-8680-5d08d0b7dd15,qwen3-8b,yes,yes,True,0.28970355199999176,2,yes
pubmedqa,805,c6f01b71-fe30-41d3-8680-5d08d0b7dd15,qwen3-8b,no,no,True,0.19250939702033065,2,no
pubmedqa,806,c6f01b71-fe30-41d3-8680-5d08d0b7dd15,qwen3-8b,yes,yes,True,0.2894632900133729,2,yes
pubmedqa,807,c6f01b71-fe30-41d3-8680-5d08d0b7dd15,qwen3-8b,yes,yes,True,0.2909183320007287,2,yes
pubmedqa,808,c6f01b71-fe30-41d3-8680-5d08d0b7dd15,qwen3-8b,yes,yes,True,0.23163856400060467,2,yes
pubmedqa,809,c6f01b71-fe30-41d3-8680-5d08d0b7dd15,qwen3-8b,no,yes,False,0.22830722099752165,2,no
pubmedqa,810,c6f01b71-fe30-41d3-8680-5d08d0b7dd15,qwen3-8b,no,no,True,0.25130078100482933,2,no
pubmedqa,811,c6f01b71-fe30-41d3-8680-5d08d0b7dd15,qwen3-8b,no,yes,False,0.2506296020001173,2,no
pubmedqa,812,c6f01b71-fe30-41d3-8680-5d08d0b7dd15,qwen3-8b,no,no,True,0.272842586011393,2,no
pubmedqa,813,c6f01b71-fe30-41d3-8680-5d08d0b7dd15,qwen3-8b,yes,yes,True,0.3164194629935082,2,yes
pubmedqa,814,c6f01b71-fe30-41d3-8680-5d08d0b7dd15,qwen3-8b,yes,yes,True,0.25229203698108904,2,yes
pubmedqa,815,c6f01b71-fe30-41d3-8680-5d08d0b7dd15,qwen3-8b,no,no,True,0.2514012079918757,2,no
pubmedqa,816,c6f01b71-fe30-41d3-8680-5d08d0b7dd15,qwen3-8b,yes,yes,True,0.2523297059815377,2,yes
pubmedqa,817,c6f01b71-fe30-41d3-8680-5d08d0b7dd15,qwen3-8b,yes,yes,True,0.33567281399155036,2,yes
pubmedqa,818,c6f01b71-fe30-41d3-8680-5d08d0b7dd15,qwen3-8b,yes,yes,True,0.2517110639892053,2,yes
pubmedqa,819,c6f01b71-fe30-41d3-8680-5d08d0b7dd15,qwen3-8b,no,no,True,0.29155251701013185,2,no
pubmedqa,820,c6f01b71-fe30-41d3-8680-5d08d0b7dd15,qwen3-8b,yes,yes,True,0.2286163060052786,2,yes
pubmedqa,821,c6f01b71-fe30-41d3-8680-5d08d0b7dd15,qwen3-8b,yes,yes,True,0.25230673598707654,2,yes
pubmedqa,822,c6f01b71-fe30-41d3-8680-5d08d0b7dd15,qwen3-8b,yes,yes,True,0.2535891220031772,2,yes
pubmedqa,823,c6f01b71-fe30-41d3-8680-5d08d0b7dd15,qwen3-8b,no,no,True,0.28995775600196794,2,no
pubmedqa,824,c6f01b71-fe30-41d3-8680-5d08d0b7dd15,qwen3-8b,yes,yes,True,0.2075395210122224,2,yes
pubmedqa,825,c6f01b71-fe30-41d3-8680-5d08d0b7dd15,qwen3-8b,maybe,no,False,0.2529060410161037,2,maybe
pubmedqa,826,c6f01b71-fe30-41d3-8680-5d08d0b7dd15,qwen3-8b,yes,yes,True,0.2917384759930428,2,yes
pubmedqa,827,c6f01b71-fe30-41d3-8680-5d08d0b7dd15,qwen3-8b,yes,yes,True,0.2538188959879335,2,yes
pubmedqa,828,c6f01b71-fe30-41d3-8680-5d08d0b7dd15,qwen3-8b,yes,maybe,False,0.27407605899497867,2,yes
pubmedqa,829,c6f01b71-fe30-41d3-8680-5d08d0b7dd15,qwen3-8b,no,no,True,0.21125971199944615,2,no
pubmedqa,830,c6f01b71-fe30-41d3-8680-5d08d0b7dd15,qwen3-8b,yes,yes,True,0.29148997299489565,2,yes
pubmedqa,831,c6f01b71-fe30-41d3-8680-5d08d0b7dd15,qwen3-8b,no,no,True,0.27240660300594755,2,no
pubmedqa,832,c6f01b71-fe30-41d3-8680-5d08d0b7dd15,qwen3-8b,no,yes,False,0.20903159299632534,2,no
pubmedqa,833,c6f01b71-fe30-41d3-8680-5d08d0b7dd15,qwen3-8b,yes,no,False,0.25126775199896656,2,yes
pubmedqa,834,c6f01b71-fe30-41d3-8680-5d08d0b7dd15,qwen3-8b,yes,yes,True,0.3164438320090994,2,yes
pubmedqa,835,c6f01b71-fe30-41d3-8680-5d08d0b7dd15,qwen3-8b,no,no,True,0.3368385590147227,2,no
pubmedqa,836,c6f01b71-fe30-41d3-8680-5d08d0b7dd15,qwen3-8b,yes,yes,True,0.2299040419748053,2,yes
pubmedqa,837,c6f01b71-fe30-41d3-8680-5d08d0b7dd15,qwen3-8b,yes,yes,True,0.25366189097985625,2,yes
pubmedqa,838,c6f01b71-fe30-41d3-8680-5d08d0b7dd15,qwen3-8b,no,no,True,0.22818021301645786,2,no
pubmedqa,839,c6f01b71-fe30-41d3-8680-5d08d0b7dd15,qwen3-8b,no,no,True,0.3346235249773599,2,no
pubmedqa,840,c6f01b71-fe30-41d3-8680-5d08d0b7dd15,qwen3-8b,yes,yes,True,0.2297306130058132,2,yes
pubmedqa,841,c6f01b71-fe30-41d3-8680-5d08d0b7dd15,qwen3-8b,yes,no,False,0.23462670200387947,2,yes
pubmedqa,842,c6f01b71-fe30-41d3-8680-5d08d0b7dd15,qwen3-8b,yes,yes,True,0.21724183700280264,2,yes
pubmedqa,843,c6f01b71-fe30-41d3-8680-5d08d0b7dd15,qwen3-8b,yes,yes,True,0.18951112299691886,2,yes
pubmedqa,844,c6f01b71-fe30-41d3-8680-5d08d0b7dd15,qwen3-8b,maybe,no,False,0.2790996279800311,2,maybe
pubmedqa,845,c6f01b71-fe30-41d3-8680-5d08d0b7dd15,qwen3-8b,no,no,True,0.23179312999127433,2,no
pubmedqa,846,c6f01b71-fe30-41d3-8680-5d08d0b7dd15,qwen3-8b,yes,yes,True,0.2554099889821373,2,yes
pubmedqa,847,c6f01b71-fe30-41d3-8680-5d08d0b7dd15,qwen3-8b,yes,yes,True,0.2766733030148316,2,yes
pubmedqa,848,c6f01b71-fe30-41d3-8680-5d08d0b7dd15,qwen3-8b,maybe,no,False,0.2535082389949821,2,maybe
pubmedqa,849,c6f01b71-fe30-41d3-8680-5d08d0b7dd15,qwen3-8b,yes,no,False,0.29009909398155287,2,yes
pubmedqa,850,c6f01b71-fe30-41d3-8680-5d08d0b7dd15,qwen3-8b,no,yes,False,0.265092531015398,2,no
pubmedqa,851,c6f01b71-fe30-41d3-8680-5d08d0b7dd15,qwen3-8b,yes,yes,True,0.2335739959962666,2,yes
pubmedqa,852,c6f01b71-fe30-41d3-8680-5d08d0b7dd15,qwen3-8b,yes,yes,True,0.2524041699944064,2,yes
pubmedqa,853,c6f01b71-fe30-41d3-8680-5d08d0b7dd15,qwen3-8b,yes,yes,True,0.2740853189898189,2,yes
pubmedqa,854,c6f01b71-fe30-41d3-8680-5d08d0b7dd15,qwen3-8b,no,no,True,0.22771360899787396,2,no
pubmedqa,855,c6f01b71-fe30-41d3-8680-5d08d0b7dd15,qwen3-8b,yes,yes,True,0.25291556198499165,2,yes
pubmedqa,856,c6f01b71-fe30-41d3-8680-5d08d0b7dd15,qwen3-8b,no,maybe,False,0.2919693079893477,2,no
pubmedqa,857,c6f01b71-fe30-41d3-8680-5d08d0b7dd15,qwen3-8b,yes,yes,True,0.27358285599621013,2,yes
pubmedqa,858,c6f01b71-fe30-41d3-8680-5d08d0b7dd15,qwen3-8b,no,no,True,0.22915711099631153,2,no
pubmedqa,859,c6f01b71-fe30-41d3-8680-5d08d0b7dd15,qwen3-8b,no,yes,False,0.2290104489948135,2,no
pubmedqa,860,c6f01b71-fe30-41d3-8680-5d08d0b7dd15,qwen3-8b,yes,yes,True,0.2743003230134491,2,yes
pubmedqa,861,c6f01b71-fe30-41d3-8680-5d08d0b7dd15,qwen3-8b,no,yes,False,0.22871029199450277,2,no
pubmedqa,862,c6f01b71-fe30-41d3-8680-5d08d0b7dd15,qwen3-8b,no,yes,False,0.2700884939986281,2,no
pubmedqa,863,c6f01b71-fe30-41d3-8680-5d08d0b7dd15,qwen3-8b,yes,yes,True,0.23513771401485428,2,yes
pubmedqa,864,c6f01b71-fe30-41d3-8680-5d08d0b7dd15,qwen3-8b,no,no,True,0.27190007001627237,2,no
pubmedqa,865,c6f01b71-fe30-41d3-8680-5d08d0b7dd15,qwen3-8b,no,no,True,0.25356765001197346,2,no
pubmedqa,866,c6f01b71-fe30-41d3-8680-5d08d0b7dd15,qwen3-8b,yes,yes,True,0.2314140299858991,2,yes
pubmedqa,867,c6f01b71-fe30-41d3-8680-5d08d0b7dd15,qwen3-8b,no,yes,False,0.28886963601689786,2,no
pubmedqa,868,c6f01b71-fe30-41d3-8680-5d08d0b7dd15,qwen3-8b,no,no,True,0.2533663620124571,2,no
pubmedqa,869,c6f01b71-fe30-41d3-8680-5d08d0b7dd15,qwen3-8b,yes,yes,True,0.2913494310050737,2,yes
pubmedqa,870,c6f01b71-fe30-41d3-8680-5d08d0b7dd15,qwen3-8b,yes,maybe,False,0.2553443910146598,2,yes
pubmedqa,871,c6f01b71-fe30-41d3-8680-5d08d0b7dd15,qwen3-8b,yes,no,False,0.252953585004434,2,yes
pubmedqa,872,c6f01b71-fe30-41d3-8680-5d08d0b7dd15,qwen3-8b,no,no,True,0.27327896500355564,2,no
pubmedqa,873,c6f01b71-fe30-41d3-8680-5d08d0b7dd15,qwen3-8b,no,no,True,0.21164645001408644,2,no
pubmedqa,874,c6f01b71-fe30-41d3-8680-5d08d0b7dd15,qwen3-8b,yes,yes,True,0.28800758300349116,2,yes
pubmedqa,875,c6f01b71-fe30-41d3-8680-5d08d0b7dd15,qwen3-8b,yes,yes,True,0.2730210209847428,2,yes
pubmedqa,876,c6f01b71-fe30-41d3-8680-5d08d0b7dd15,qwen3-8b,maybe,maybe,True,0.31320640101330355,2,maybe
pubmedqa,877,c6f01b71-fe30-41d3-8680-5d08d0b7dd15,qwen3-8b,yes,yes,True,0.20963914602180012,2,yes
pubmedqa,878,c6f01b71-fe30-41d3-8680-5d08d0b7dd15,qwen3-8b,yes,yes,True,0.2932020270091016,2,yes
pubmedqa,879,c6f01b71-fe30-41d3-8680-5d08d0b7dd15,qwen3-8b,no,yes,False,0.25287279702024534,2,no
pubmedqa,880,c6f01b71-fe30-41d3-8680-5d08d0b7dd15,qwen3-8b,yes,no,False,0.2752158889779821,2,yes
pubmedqa,881,c6f01b71-fe30-41d3-8680-5d08d0b7dd15,qwen3-8b,no,yes,False,0.23040816700085998,2,no
pubmedqa,882,c6f01b71-fe30-41d3-8680-5d08d0b7dd15,qwen3-8b,yes,maybe,False,0.273720144003164,2,yes
pubmedqa,883,c6f01b71-fe30-41d3-8680-5d08d0b7dd15,qwen3-8b,yes,yes,True,0.25584496901137754,2,yes
pubmedqa,884,c6f01b71-fe30-41d3-8680-5d08d0b7dd15,qwen3-8b,maybe,maybe,True,0.25330899000982754,2,maybe
pubmedqa,885,c6f01b71-fe30-41d3-8680-5d08d0b7dd15,qwen3-8b,yes,yes,True,0.2724210479937028,2,yes
pubmedqa,886,c6f01b71-fe30-41d3-8680-5d08d0b7dd15,qwen3-8b,no,no,True,0.2075773529941216,2,no
pubmedqa,887,c6f01b71-fe30-41d3-8680-5d08d0b7dd15,qwen3-8b,yes,yes,True,0.25479541800450534,2,yes
pubmedqa,888,c6f01b71-fe30-41d3-8680-5d08d0b7dd15,qwen3-8b,yes,yes,True,0.31117140501737595,2,yes
pubmedqa,889,c6f01b71-fe30-41d3-8680-5d08d0b7dd15,qwen3-8b,no,no,True,0.3125613589945715,2,no
pubmedqa,890,c6f01b71-fe30-41d3-8680-5d08d0b7dd15,qwen3-8b,no,no,True,0.22971573998802342,2,no
pubmedqa,891,c6f01b71-fe30-41d3-8680-5d08d0b7dd15,qwen3-8b,yes,maybe,False,0.27205921098357067,2,yes
pubmedqa,892,c6f01b71-fe30-41d3-8680-5d08d0b7dd15,qwen3-8b,maybe,yes,False,0.2566068249871023,2,maybe
pubmedqa,893,c6f01b71-fe30-41d3-8680-5d08d0b7dd15,qwen3-8b,yes,yes,True,0.28870582100353204,2,yes
pubmedqa,894,c6f01b71-fe30-41d3-8680-5d08d0b7dd15,qwen3-8b,yes,yes,True,0.3100202470086515,2,yes
pubmedqa,895,c6f01b71-fe30-41d3-8680-5d08d0b7dd15,qwen3-8b,no,no,True,0.24781936200452037,2,no
pubmedqa,896,c6f01b71-fe30-41d3-8680-5d08d0b7dd15,qwen3-8b,no,no,True,0.3116115019947756,2,no
pubmedqa,897,c6f01b71-fe30-41d3-8680-5d08d0b7dd15,qwen3-8b,yes,yes,True,0.255690001999028,2,yes
pubmedqa,898,c6f01b71-fe30-41d3-8680-5d08d0b7dd15,qwen3-8b,no,no,True,0.3291308039915748,2,no
pubmedqa,899,c6f01b71-fe30-41d3-8680-5d08d0b7dd15,qwen3-8b,no,no,True,0.22088859099312685,2,no
pubmedqa,900,c6f01b71-fe30-41d3-8680-5d08d0b7dd15,qwen3-8b,no,no,True,0.22886745902360417,2,no
pubmedqa,901,c6f01b71-fe30-41d3-8680-5d08d0b7dd15,qwen3-8b,no,no,True,0.34068843501154333,2,no
pubmedqa,902,c6f01b71-fe30-41d3-8680-5d08d0b7dd15,qwen3-8b,yes,yes,True,0.28851757300435565,2,yes
pubmedqa,903,c6f01b71-fe30-41d3-8680-5d08d0b7dd15,qwen3-8b,yes,yes,True,0.3474595840089023,2,yes
pubmedqa,904,c6f01b71-fe30-41d3-8680-5d08d0b7dd15,qwen3-8b,no,yes,False,0.2913821270049084,2,no
pubmedqa,905,c6f01b71-fe30-41d3-8680-5d08d0b7dd15,qwen3-8b,yes,yes,True,0.25530287000583485,2,yes
pubmedqa,906,c6f01b71-fe30-41d3-8680-5d08d0b7dd15,qwen3-8b,no,no,True,0.20952846101135947,2,no
pubmedqa,907,c6f01b71-fe30-41d3-8680-5d08d0b7dd15,qwen3-8b,yes,maybe,False,0.24570245799259283,2,yes
pubmedqa,908,c6f01b71-fe30-41d3-8680-5d08d0b7dd15,qwen3-8b,yes,maybe,False,0.28511576197342947,2,yes
pubmedqa,909,c6f01b71-fe30-41d3-8680-5d08d0b7dd15,qwen3-8b,yes,maybe,False,0.36393979098647833,2,yes
pubmedqa,910,c6f01b71-fe30-41d3-8680-5d08d0b7dd15,qwen3-8b,yes,yes,True,0.2909143890137784,2,yes
pubmedqa,911,c6f01b71-fe30-41d3-8680-5d08d0b7dd15,qwen3-8b,yes,yes,True,0.28243498399388045,2,yes
pubmedqa,912,c6f01b71-fe30-41d3-8680-5d08d0b7dd15,qwen3-8b,yes,yes,True,0.3552901259972714,2,yes
pubmedqa,913,c6f01b71-fe30-41d3-8680-5d08d0b7dd15,qwen3-8b,maybe,no,False,0.25387625899747945,2,maybe
pubmedqa,914,c6f01b71-fe30-41d3-8680-5d08d0b7dd15,qwen3-8b,yes,yes,True,0.3040914050070569,2,yes
pubmedqa,915,c6f01b71-fe30-41d3-8680-5d08d0b7dd15,qwen3-8b,maybe,no,False,0.3035462060070131,2,maybe
pubmedqa,916,c6f01b71-fe30-41d3-8680-5d08d0b7dd15,qwen3-8b,maybe,maybe,True,0.2687804030138068,2,maybe
pubmedqa,917,c6f01b71-fe30-41d3-8680-5d08d0b7dd15,qwen3-8b,yes,yes,True,0.3094427479954902,2,yes
pubmedqa,918,c6f01b71-fe30-41d3-8680-5d08d0b7dd15,qwen3-8b,yes,yes,True,0.30231165199074894,2,yes
pubmedqa,919,c6f01b71-fe30-41d3-8680-5d08d0b7dd15,qwen3-8b,yes,yes,True,0.2848780509957578,2,yes
pubmedqa,920,c6f01b71-fe30-41d3-8680-5d08d0b7dd15,qwen3-8b,yes,yes,True,0.26010598900029436,2,yes
pubmedqa,921,c6f01b71-fe30-41d3-8680-5d08d0b7dd15,qwen3-8b,yes,yes,True,0.2919251149869524,2,yes
pubmedqa,922,c6f01b71-fe30-41d3-8680-5d08d0b7dd15,qwen3-8b,no,maybe,False,0.26755199299077503,2,no
pubmedqa,923,c6f01b71-fe30-41d3-8680-5d08d0b7dd15,qwen3-8b,yes,yes,True,0.2489437560143415,2,yes
pubmedqa,924,c6f01b71-fe30-41d3-8680-5d08d0b7dd15,qwen3-8b,yes,yes,True,0.2701359649945516,2,yes
pubmedqa,925,c6f01b71-fe30-41d3-8680-5d08d0b7dd15,qwen3-8b,no,no,True,0.306888887018431,2,no
pubmedqa,926,c6f01b71-fe30-41d3-8680-5d08d0b7dd15,qwen3-8b,no,maybe,False,0.35147716201026924,2,no
pubmedqa,927,c6f01b71-fe30-41d3-8680-5d08d0b7dd15,qwen3-8b,yes,yes,True,0.3055175439803861,2,yes
pubmedqa,928,c6f01b71-fe30-41d3-8680-5d08d0b7dd15,qwen3-8b,yes,yes,True,0.2032624970015604,2,yes
pubmedqa,929,c6f01b71-fe30-41d3-8680-5d08d0b7dd15,qwen3-8b,maybe,yes,False,0.34531946197967045,2,maybe
pubmedqa,930,c6f01b71-fe30-41d3-8680-5d08d0b7dd15,qwen3-8b,yes,yes,True,0.31339802299044095,2,yes
pubmedqa,931,c6f01b71-fe30-41d3-8680-5d08d0b7dd15,qwen3-8b,yes,yes,True,0.23266201399383135,2,yes
pubmedqa,932,c6f01b71-fe30-41d3-8680-5d08d0b7dd15,qwen3-8b,yes,yes,True,0.23973180301254615,2,yes
pubmedqa,933,c6f01b71-fe30-41d3-8680-5d08d0b7dd15,qwen3-8b,no,no,True,0.2917111380083952,2,no
pubmedqa,934,c6f01b71-fe30-41d3-8680-5d08d0b7dd15,qwen3-8b,yes,yes,True,0.2651176299841609,2,yes
pubmedqa,935,c6f01b71-fe30-41d3-8680-5d08d0b7dd15,qwen3-8b,no,no,True,0.27559365701745264,2,no
pubmedqa,936,c6f01b71-fe30-41d3-8680-5d08d0b7dd15,qwen3-8b,no,no,True,0.31239897798513994,2,no
pubmedqa,937,c6f01b71-fe30-41d3-8680-5d08d0b7dd15,qwen3-8b,yes,yes,True,0.2555537139996886,2,yes
pubmedqa,938,c6f01b71-fe30-41d3-8680-5d08d0b7dd15,qwen3-8b,yes,yes,True,0.3076799100090284,2,yes
pubmedqa,939,c6f01b71-fe30-41d3-8680-5d08d0b7dd15,qwen3-8b,no,no,True,0.2560254739946686,2,no
pubmedqa,940,c6f01b71-fe30-41d3-8680-5d08d0b7dd15,qwen3-8b,no,no,True,0.28763403798802756,2,no
pubmedqa,941,c6f01b71-fe30-41d3-8680-5d08d0b7dd15,qwen3-8b,yes,yes,True,0.25365571401198395,2,yes
pubmedqa,942,c6f01b71-fe30-41d3-8680-5d08d0b7dd15,qwen3-8b,no,no,True,0.22815783799160272,2,no
pubmedqa,943,c6f01b71-fe30-41d3-8680-5d08d0b7dd15,qwen3-8b,yes,yes,True,0.26768244898994453,2,yes
pubmedqa,944,c6f01b71-fe30-41d3-8680-5d08d0b7dd15,qwen3-8b,yes,yes,True,0.25276733699138276,2,yes
pubmedqa,945,c6f01b71-fe30-41d3-8680-5d08d0b7dd15,qwen3-8b,no,no,True,0.27678009000374004,2,no
pubmedqa,946,c6f01b71-fe30-41d3-8680-5d08d0b7dd15,qwen3-8b,no,maybe,False,0.2830982250161469,2,no
pubmedqa,947,c6f01b71-fe30-41d3-8680-5d08d0b7dd15,qwen3-8b,yes,yes,True,0.26072425401071087,2,yes
pubmedqa,948,c6f01b71-fe30-41d3-8680-5d08d0b7dd15,qwen3-8b,no,no,True,0.2828983670042362,2,no
pubmedqa,949,c6f01b71-fe30-41d3-8680-5d08d0b7dd15,qwen3-8b,maybe,no,False,0.30982268700608984,2,maybe
pubmedqa,950,c6f01b71-fe30-41d3-8680-5d08d0b7dd15,qwen3-8b,yes,yes,True,0.29330719899735413,2,yes
pubmedqa,951,c6f01b71-fe30-41d3-8680-5d08d0b7dd15,qwen3-8b,no,no,True,0.3104218810040038,2,no
pubmedqa,952,c6f01b71-fe30-41d3-8680-5d08d0b7dd15,qwen3-8b,no,yes,False,0.22943977499380708,2,no
pubmedqa,953,c6f01b71-fe30-41d3-8680-5d08d0b7dd15,qwen3-8b,no,no,True,0.2541812350100372,2,no
pubmedqa,954,c6f01b71-fe30-41d3-8680-5d08d0b7dd15,qwen3-8b,maybe,maybe,True,0.2713107520248741,2,maybe
pubmedqa,955,c6f01b71-fe30-41d3-8680-5d08d0b7dd15,qwen3-8b,no,no,True,0.2396095810108818,2,no
pubmedqa,956,c6f01b71-fe30-41d3-8680-5d08d0b7dd15,qwen3-8b,yes,no,False,0.36167867298354395,2,yes
pubmedqa,957,c6f01b71-fe30-41d3-8680-5d08d0b7dd15,qwen3-8b,yes,yes,True,0.29894611597410403,2,yes
pubmedqa,958,c6f01b71-fe30-41d3-8680-5d08d0b7dd15,qwen3-8b,no,no,True,0.28490763902664185,2,no
pubmedqa,959,c6f01b71-fe30-41d3-8680-5d08d0b7dd15,qwen3-8b,no,yes,False,0.28319906000979245,2,no
pubmedqa,960,c6f01b71-fe30-41d3-8680-5d08d0b7dd15,qwen3-8b,yes,yes,True,0.25386468501528725,2,yes
pubmedqa,961,c6f01b71-fe30-41d3-8680-5d08d0b7dd15,qwen3-8b,yes,yes,True,0.29086108499905095,2,yes
pubmedqa,962,c6f01b71-fe30-41d3-8680-5d08d0b7dd15,qwen3-8b,yes,yes,True,0.32798794002155773,2,yes
pubmedqa,963,c6f01b71-fe30-41d3-8680-5d08d0b7dd15,qwen3-8b,yes,yes,True,0.27317485999083146,2,yes
pubmedqa,964,c6f01b71-fe30-41d3-8680-5d08d0b7dd15,qwen3-8b,no,no,True,0.27329044401994906,2,no
pubmedqa,965,c6f01b71-fe30-41d3-8680-5d08d0b7dd15,qwen3-8b,yes,maybe,False,0.26116434298455715,2,yes
pubmedqa,966,c6f01b71-fe30-41d3-8680-5d08d0b7dd15,qwen3-8b,no,no,True,0.2528634860063903,2,no
pubmedqa,967,c6f01b71-fe30-41d3-8680-5d08d0b7dd15,qwen3-8b,no,no,True,0.3107343819865491,2,no
pubmedqa,968,c6f01b71-fe30-41d3-8680-5d08d0b7dd15,qwen3-8b,no,no,True,0.23440344099071808,2,no
pubmedqa,969,c6f01b71-fe30-41d3-8680-5d08d0b7dd15,qwen3-8b,no,maybe,False,0.24150913997436874,2,no
pubmedqa,970,c6f01b71-fe30-41d3-8680-5d08d0b7dd15,qwen3-8b,yes,yes,True,0.2207372520060744,2,yes
pubmedqa,971,c6f01b71-fe30-41d3-8680-5d08d0b7dd15,qwen3-8b,yes,yes,True,0.3293494939862285,2,yes
pubmedqa,972,c6f01b71-fe30-41d3-8680-5d08d0b7dd15,qwen3-8b,no,no,True,0.29882592099602334,2,no
pubmedqa,973,c6f01b71-fe30-41d3-8680-5d08d0b7dd15,qwen3-8b,yes,yes,True,0.253166787995724,2,yes
pubmedqa,974,c6f01b71-fe30-41d3-8680-5d08d0b7dd15,qwen3-8b,yes,yes,True,0.2294580970192328,2,yes
pubmedqa,975,c6f01b71-fe30-41d3-8680-5d08d0b7dd15,qwen3-8b,no,no,True,0.2672210489981808,2,no
pubmedqa,976,c6f01b71-fe30-41d3-8680-5d08d0b7dd15,qwen3-8b,yes,yes,True,0.288137891999213,2,yes
pubmedqa,977,c6f01b71-fe30-41d3-8680-5d08d0b7dd15,qwen3-8b,yes,maybe,False,0.2272633130196482,2,yes
pubmedqa,978,c6f01b71-fe30-41d3-8680-5d08d0b7dd15,qwen3-8b,no,yes,False,0.2658126229944173,2,no
pubmedqa,979,c6f01b71-fe30-41d3-8680-5d08d0b7dd15,qwen3-8b,yes,yes,True,0.2427112909790594,2,yes
pubmedqa,980,c6f01b71-fe30-41d3-8680-5d08d0b7dd15,qwen3-8b,yes,yes,True,0.26315563201205805,2,yes
pubmedqa,981,c6f01b71-fe30-41d3-8680-5d08d0b7dd15,qwen3-8b,yes,yes,True,0.23182062798878178,2,yes
pubmedqa,982,c6f01b71-fe30-41d3-8680-5d08d0b7dd15,qwen3-8b,yes,yes,True,0.2926529159885831,2,yes
pubmedqa,983,c6f01b71-fe30-41d3-8680-5d08d0b7dd15,qwen3-8b,yes,yes,True,0.24883030899218284,2,yes
pubmedqa,984,c6f01b71-fe30-41d3-8680-5d08d0b7dd15,qwen3-8b,no,no,True,0.2594756179896649,2,no
pubmedqa,985,c6f01b71-fe30-41d3-8680-5d08d0b7dd15,qwen3-8b,no,no,True,0.24098110498744063,2,no
pubmedqa,986,c6f01b71-fe30-41d3-8680-5d08d0b7dd15,qwen3-8b,yes,yes,True,0.2568524829985108,2,yes
pubmedqa,987,c6f01b71-fe30-41d3-8680-5d08d0b7dd15,qwen3-8b,yes,yes,True,0.2527336039929651,2,yes
pubmedqa,988,c6f01b71-fe30-41d3-8680-5d08d0b7dd15,qwen3-8b,no,no,True,0.22680770300212316,2,no
pubmedqa,989,c6f01b71-fe30-41d3-8680-5d08d0b7dd15,qwen3-8b,no,no,True,0.24556358199333772,2,no
pubmedqa,990,c6f01b71-fe30-41d3-8680-5d08d0b7dd15,qwen3-8b,no,maybe,False,0.28109553398098797,2,no
pubmedqa,991,c6f01b71-fe30-41d3-8680-5d08d0b7dd15,qwen3-8b,yes,yes,True,0.21222799399401993,2,yes
pubmedqa,992,c6f01b71-fe30-41d3-8680-5d08d0b7dd15,qwen3-8b,no,no,True,0.3406734789896291,2,no
pubmedqa,993,c6f01b71-fe30-41d3-8680-5d08d0b7dd15,qwen3-8b,no,no,True,0.24724913999671116,2,no
pubmedqa,994,c6f01b71-fe30-41d3-8680-5d08d0b7dd15,qwen3-8b,no,no,True,0.3118364560068585,2,no
pubmedqa,995,c6f01b71-fe30-41d3-8680-5d08d0b7dd15,qwen3-8b,no,no,True,0.24279267599922605,2,no
pubmedqa,996,c6f01b71-fe30-41d3-8680-5d08d0b7dd15,qwen3-8b,no,no,True,0.2480928659788333,2,no
pubmedqa,997,c6f01b71-fe30-41d3-8680-5d08d0b7dd15,qwen3-8b,no,no,True,0.2442643929971382,2,no
pubmedqa,998,c6f01b71-fe30-41d3-8680-5d08d0b7dd15,qwen3-8b,maybe,yes,False,0.2923561019997578,2,maybe
pubmedqa,999,c6f01b71-fe30-41d3-8680-5d08d0b7dd15,qwen3-8b,no,no,True,0.28037942899391055,2,no
