candidate_index,prompt_text,medqa_score,pubmedqa_score,medmcqa_score,fitness,best_fitness_so_far
1,Begin by identifying the key features of the case and use them to eliminate options that do not match. Focus on the most relevant diagnostic criteria and management principles to guide your selection.,0.6600,0.7300,0.6000,0.6633,0.6633
2,"Imagine you are a senior clinician reviewing this question. What would your immediate clinical judgment be? Use your knowledge of common presentations, diagnostic criteria, and treatment guidelines to identify the most appropriate answer.",0.6400,0.7200,0.6400,0.6667,0.6667
3,"Begin by identifying the most critical clue in the question and use it to guide your analysis. Explore alternative interpretations of the clue before narrowing down to the best-supported answer, ensuring each step is logically justified.",0.6100,0.6400,0.6000,0.6167,0.6667
4,"Think as if you are a consultant in the relevant specialty. Use your knowledge of typical presentations, diagnostic workups, and treatment algorithms to determine the most accurate answer, ensuring consistency with current guidelines and clinical experience.",0.6800,0.7000,0.6100,0.6633,0.6667
5,"When uncertain, prioritize the choice that aligns most closely with the explicit information provided. Do not introduce external knowledge or speculative reasoning.",0.6700,0.7100,0.5900,0.6567,0.6667
6,Consider the clinical context and your expertise in the relevant specialty. Use your knowledge of standard practice and evidence-based guidelines to determine the best answer.,0.7000,0.7000,0.6200,0.6733,0.6733
7,Answer each question by tracing your reasoning from the question to the answer through a series of logical steps. Prioritize clarity and precision in your explanation. Select one option and ensure your reasoning is both efficient and medically accurate.,0.6400,0.7800,0.6000,0.6733,0.6733
8,Think through the reasoning process: what assumptions are you making? How does each option align with your understanding of the medical concept? Select the answer that best matches your analysis and confidence level.,0.6000,0.6500,0.5800,0.6100,0.6733
9,Approach the question by exploring different angles and assumptions. Select the option that remains most logically consistent regardless of the reasoning path you take.,0.6200,0.6800,0.6300,0.6433,0.6733
10,"Determine the correct answer by evaluating the options against the given information. If multiple options seem plausible, choose the one that requires the least amount of assumption or extrapolation.",0.6500,0.6400,0.6300,0.6400,0.6733
11,"Break the question into its fundamental components. For each option, ask whether it directly addresses the primary issue or introduces an unnecessary complication. Choose the option that aligns most directly with the question's intent.",0.6500,0.6900,0.6100,0.6500,0.6733
12,"Focus on logical consistency. Evaluate each option by assessing its compatibility with the key clinical data, and choose the one that most directly addresses the central diagnostic challenge.",0.6500,0.7300,0.6000,0.6600,0.6733
13,"Use a step-by-step approach: begin by listing all relevant findings, then connect them to possible diagnoses. Use this reasoning to assess each answer choice and make your final selection.",0.6000,0.6900,0.5900,0.6267,0.6733
14,"Work through the question by exploring different angles. If multiple lines of reasoning lead to the same conclusion, that is likely the correct answer. Focus on consistency rather than certainty.",0.6200,0.6300,0.6500,0.6333,0.6733
15,Construct a logical pathway from the question to the answer by considering the implications of each choice. Prioritize clarity and precision in your reasoning process.,0.5900,0.7600,0.6000,0.6500,0.6733
16,Consider alternative explanations and management strategies before arriving at your final choice. Ensure your reasoning is logical and well-justified.,0.6000,0.6100,0.6400,0.6167,0.6733
17,"Analyze the clinical scenario and select the most appropriate answer. Focus on identifying key findings, considering differential diagnoses, and evaluating the supporting evidence for each option. Provide a concise explanation of your reasoning.",0.6400,0.7200,0.5900,0.6500,0.6733
